barcode,title,year,format,poster_path,status
,"10,000 BC",2008,Blu-ray,https://image.tmdb.org/t/p/w200/9I7gV6wRbGnbfI3XOKjHeLMjYEo.jpg,owned
,12 Angry Men,1957,Blu-ray,https://image.tmdb.org/t/p/w200/ow3wq89wM8qd5X7hWKxiRfsFf9C.jpg,owned
,12 Rounds,2009,Blu-ray,https://image.tmdb.org/t/p/w200/7k7qhrO57sVoBLrNo5HYoTp24sT.jpg,owned
,12 Years a Slave,2013,Blu-ray,https://image.tmdb.org/t/p/w200/xdANQijuNrJaw1HA61rDccME4Tm.jpg,owned
,127 Hours,2010,Blu-ray,https://image.tmdb.org/t/p/w200/h0RMdn0rfl9l5hWXz3tUh6QVkhi.jpg,owned
,13 Hours: The Secret Soldiers of Benghazi,2016,Blu-ray,https://image.tmdb.org/t/p/w200/AskDcQ6Sa6jImyt2KDQbgRuPebH.jpg,owned
,17 Again,2009,Blu-ray,https://image.tmdb.org/t/p/w200/yEcfFXEWpuXcfsR9nKESVCFneqV.jpg,owned
,1917,2019,Blu-ray,https://image.tmdb.org/t/p/w200/iZf0KyrE25z1sage4SYFLCCrMi9.jpg,owned
,2 Fast 2 Furious,2003,Blu-ray,https://image.tmdb.org/t/p/w200/6nDZExrDKIXvSAghsFKVFRVJuSf.jpg,owned
,2 Guns,2013,Blu-ray,https://image.tmdb.org/t/p/w200/ptURGAFktibhk7DEAbMazlmNqWa.jpg,owned
,2012,2009,Blu-ray,https://image.tmdb.org/t/p/w200/c2PkTPT5D9zB8SIm5wNlDAANEqM.jpg,owned
,2012 Doomsday,2008,Blu-ray,https://image.tmdb.org/t/p/w200/rNHdpeyBUki4n5tzEdEri5elJBq.jpg,owned
,21,2008,Blu-ray,https://image.tmdb.org/t/p/w200/efG8Po57alqSlhqHU1lXJ3duG6t.jpg,owned
,21 Jump Street,2012,Blu-ray,https://image.tmdb.org/t/p/w200/8v3Sqv9UcIUC4ebmpKWROqPBINZ.jpg,owned
,22 Jump Street,2014,Blu-ray,https://image.tmdb.org/t/p/w200/850chzYHYbT3IISl6Q7dbBuFP2B.jpg,owned
,28 Days Later,2002,Blu-ray,https://image.tmdb.org/t/p/w200/sQckQRt17VaWbo39GIu0TMOiszq.jpg,owned
,28 Weeks Later,2007,Blu-ray,https://image.tmdb.org/t/p/w200/oix0aNv1lvW3nUGspUyvSIBlpbs.jpg,owned
,28 Years Later,2025,Blu-ray,https://image.tmdb.org/t/p/w200/mIg1qCkVxnAlM2TK3RUF0tdEXlE.jpg,owned
,300,2007,Blu-ray,https://image.tmdb.org/t/p/w200/h7Lcio0c9ohxPhSZg42eTlKIVVY.jpg,owned
,300: Rise of an Empire,2014,Blu-ray,https://image.tmdb.org/t/p/w200/wYDdWN1McB1Sio4z1dPSkb40Z78.jpg,owned
,44 Inch Chest,2009,Blu-ray,https://image.tmdb.org/t/p/w200/vKuW2TzCyNstKcAGnWLXsFJxmjM.jpg,owned
,The 5th Wave,2016,Blu-ray,https://image.tmdb.org/t/p/w200/ja34BV577dtjWl2S5G1tB93IjYb.jpg,owned
,Abduction,2011,Blu-ray,https://image.tmdb.org/t/p/w200/4vqkl1w4eSTMdIcL9IrBzln58Wy.jpg,owned
,About Time,2013,Blu-ray,https://image.tmdb.org/t/p/w200/iR1bVfURbN7r1C46WHFbwCkVve.jpg,owned
,The Adjustment Bureau,2011,Blu-ray,https://image.tmdb.org/t/p/w200/5ZzeR8iz1nEFLp94OBnbakLZawo.jpg,owned
,Adulthood,2008,Blu-ray,https://image.tmdb.org/t/p/w200/pKyfNRTkpY5MmoAOCvL2ZmPoPn1.jpg,owned
,The Adventures of Tintin,2011,Blu-ray,https://image.tmdb.org/t/p/w200/fQZ3sLR1Fi63NMsNRbjm9q5qODJ.jpg,owned
,After Earth,2013,Blu-ray,https://image.tmdb.org/t/p/w200/iXMvYIlzzJBs352CfeiQcBvovZt.jpg,owned
,Aftermath,2017,Blu-ray,https://image.tmdb.org/t/p/w200/25oWTCGqIik4gUTMidx3L8DI4Bt.jpg,owned
,Airplane!,1980,Blu-ray,https://image.tmdb.org/t/p/w200/7Q3efxd3AF1vQjlSxnlerSA7RzN.jpg,owned
,Aladdin,2019,Blu-ray,https://image.tmdb.org/t/p/w200/ykUEbfpkf8d0w49pHh0AD2KrT52.jpg,owned
,Aladdin,1992,Blu-ray,https://image.tmdb.org/t/p/w200/eLFfl7vS8dkeG1hKp5mwbm37V83.jpg,owned
,Alien,1979,Blu-ray,https://image.tmdb.org/t/p/w200/vfrQk5IPloGg1v9Rzbh2Eg3VGyM.jpg,owned
,Alien Resurrection,1997,Blu-ray,https://image.tmdb.org/t/p/w200/9aRDMlU5Zwpysilm0WCWzU2PCFv.jpg,owned
,Aliens,1986,Blu-ray,https://image.tmdb.org/t/p/w200/r1x5JGpyqZU8PYhbs4UcrO1Xb6x.jpg,owned
,Alien³,1992,Blu-ray,https://image.tmdb.org/t/p/w200/xh5wI0UoW7DfS1IyLy3d2CgrCEP.jpg,owned
,Allegiant,2016,Blu-ray,https://image.tmdb.org/t/p/w200/faq9JlF8znUGQ5p3En1W61Fi5p0.jpg,owned
,The Amazing Spider-Man,2012,Blu-ray,https://image.tmdb.org/t/p/w200/jexoNYnPd6vVrmygwF6QZmWPFdu.jpg,owned
,The Amazing Spider-Man 2,2014,Blu-ray,https://image.tmdb.org/t/p/w200/dGjoPttcbKR5VWg1jQuNFB247KL.jpg,owned
,American Gangster,2007,Blu-ray,https://image.tmdb.org/t/p/w200/m7kJge9DG86Bj7hsBW6xFCMyDkY.jpg,owned
,American Hustle,2013,Blu-ray,https://image.tmdb.org/t/p/w200/z6O1KDhfWDTm5ZBr6Ovr0eg8LqO.jpg,owned
,American Sniper,2014,Blu-ray,https://image.tmdb.org/t/p/w200/i1U46OwMc6vlm7OoSUKfqUH615e.jpg,owned
,Anchorman: The Legend of Ron Burgundy,2004,Blu-ray,https://image.tmdb.org/t/p/w200/Rdzsh3s6waplhSD7PUaBJovB7v.jpg,owned
,Anchorman 2: The Legend Continues,2013,Blu-ray,https://image.tmdb.org/t/p/w200/BAdmxMdCqzjs6hx3KuEtnoWP8d.jpg,owned
,Angel Has Fallen,2019,Blu-ray,https://image.tmdb.org/t/p/w200/fapXd3v9qTcNBTm39ZC4KUVQDNf.jpg,owned
,Angels & Demons,2009,Blu-ray,https://image.tmdb.org/t/p/w200/tFZQAuulEOtFTp0gHbVdEXwGrYe.jpg,owned
,Ant-Man,2015,Blu-ray,https://image.tmdb.org/t/p/w200/rQRnQfUl3kfp78nCWq8Ks04vnq1.jpg,owned
,Ant-Man and the Wasp,2018,Blu-ray,https://image.tmdb.org/t/p/w200/cFQEO687n1K6umXbInzocxcnAQz.jpg,owned
,Ant-Man and the Wasp: Quantumania,2023,Blu-ray,https://image.tmdb.org/t/p/w200/qnqGbB22YJ7dSs4o6M7exTpNxPz.jpg,owned
,Apollo 18,2011,Blu-ray,https://image.tmdb.org/t/p/w200/4bLqU6YncqvKETzvPZPPoVrLUYM.jpg,owned
,Aquaman,2018,Blu-ray,https://image.tmdb.org/t/p/w200/ufl63EFcc5XpByEV2Ecdw6WJZAI.jpg,owned
,Aquaman and the Lost Kingdom,2023,Blu-ray,https://image.tmdb.org/t/p/w200/7lTnXOy0iNtBAdRP3TZvaKJ77F6.jpg,owned
,Arthur,2011,Blu-ray,https://image.tmdb.org/t/p/w200/foUTAJurvnbUoIUbnuUk5dyHx7M.jpg,owned
,Assassin,2015,Blu-ray,https://image.tmdb.org/t/p/w200/5INyciUa2zkdU66d0YbvPjYwfwE.jpg,owned
,Assassin's Creed,2016,Blu-ray,https://image.tmdb.org/t/p/w200/kDXewoEcvbn0pUvJ8W3vfkuWgHw.jpg,owned
,The A-Team,2010,Blu-ray,https://image.tmdb.org/t/p/w200/bkAWEx5g5tvRPjtDQyvIZ7LRxQm.jpg,owned
,Atomic Blonde,2017,Blu-ray,https://image.tmdb.org/t/p/w200/kV9R5h0Yct1kR8Hf8sJ1nX0Vz4x.jpg,owned
,Australia,2008,Blu-ray,https://image.tmdb.org/t/p/w200/tFQpccGMTWe24eWxK5U9rb7tK3M.jpg,owned
,Avatar,2009,Blu-ray,https://image.tmdb.org/t/p/w200/gKY6q7SjCkAU6FqvqWybDYgUKIF.jpg,owned
,The Avengers,2012,Blu-ray,https://image.tmdb.org/t/p/w200/RYMX2wcKCBAr24UyPD7xwmjaTn.jpg,owned
,Avengers: Age of Ultron,2015,Blu-ray,https://image.tmdb.org/t/p/w200/4ssDuvEDkSArWEdyBl2X5EHvYKU.jpg,owned
,Avengers: Infinity War,2018,Blu-ray,https://image.tmdb.org/t/p/w200/7WsyChQLEftFiDOVTGkv3hFpyyt.jpg,owned
,Avengers: Endgame,2019,Blu-ray,https://image.tmdb.org/t/p/w200/bR8ISy1O9XQxqiy0fQFw2BX72RQ.jpg,owned
,Baby Driver,2017,Blu-ray,https://image.tmdb.org/t/p/w200/tYzFuYXmT8LOYASlFCkaPiAFAl0.jpg,owned
,Back to the Future,1985,Blu-ray,https://image.tmdb.org/t/p/w200/vN5B5WgYscRGcQpVhHl6p9DDTP0.jpg,owned
,Back to the Future Part II,1989,Blu-ray,https://image.tmdb.org/t/p/w200/YBawEsTkUZBDajKbd5LiHkmMGf.jpg,owned
,Back to the Future Part III,1990,Blu-ray,https://image.tmdb.org/t/p/w200/crzoVQnMzIrRfHtQw0tLBirNfVg.jpg,owned
,The Bad Education Movie,2015,Blu-ray,https://image.tmdb.org/t/p/w200/vogRAk91jydEuP11xRJSVbaVBnr.jpg,owned
,The Bank Job,2008,Blu-ray,https://image.tmdb.org/t/p/w200/bfXjFTytfFTdo9WeO7lYqzkHG7g.jpg,owned
,Batman,1989,Blu-ray,https://image.tmdb.org/t/p/w200/cij4dd21v2Rk2YtUQbV5kW69WB2.jpg,owned
,Batman & Robin,1997,Blu-ray,https://image.tmdb.org/t/p/w200/i7hEUpDuMN2LOrCEifFyGSHZQSY.jpg,owned
,The Batman,2022,Blu-ray,https://image.tmdb.org/t/p/w200/74xTEgt7R36Fpooo50r9T25onhq.jpg,owned
,Batman Begins,2005,Blu-ray,https://image.tmdb.org/t/p/w200/sPX89Td70IDDjVr85jdSBb4rWGr.jpg,owned
,Batman Forever,1995,Blu-ray,https://image.tmdb.org/t/p/w200/i0fJS8M5UKoETjjJ0zwUiKaR8tr.jpg,owned
,Batman Returns,1992,Blu-ray,https://image.tmdb.org/t/p/w200/jKBjeXM7iBBV9UkUcOXx3m7FSHY.jpg,owned
,Batman v Superman: Dawn of Justice,2016,Blu-ray,https://image.tmdb.org/t/p/w200/5UsK3grJvtQrtzEgqNlDljJW96w.jpg,owned
,Battle: Los Angeles,2011,Blu-ray,https://image.tmdb.org/t/p/w200/jloyGeVYZSxM9zsLFvVOWuj2ey4.jpg,owned
,Beauty and the Beast,1991,Blu-ray,https://image.tmdb.org/t/p/w200/hUJ0UvQ5tgE2Z9WpfuduVSdiCiU.jpg,owned
,Beauty and the Beast,2017,Blu-ray,https://image.tmdb.org/t/p/w200/hKegSKIDep2ewJWPUQD7u0KqFIp.jpg,owned
,Bee Movie,2007,Blu-ray,https://image.tmdb.org/t/p/w200/aWe27GmvfVYAd7p0KEtJZWwLWk5.jpg,owned
,Ben-Hur,2016,Blu-ray,https://image.tmdb.org/t/p/w200/c9CoGrBA5yw8A7YBMz0hGzfzpNq.jpg,owned
,Ben-Hur,1959,Blu-ray,https://image.tmdb.org/t/p/w200/m4WQ1dBIrEIHZNCoAjdpxwSKWyH.jpg,owned
,Beowulf,2007,Blu-ray,https://image.tmdb.org/t/p/w200/7QsWYyJAV97N9jOh21pdRIqJeJq.jpg,owned
,The Best Exotic Marigold Hotel,2012,Blu-ray,https://image.tmdb.org/t/p/w200/gNWiOKTWDvPTpr7QfPWk18gLftz.jpg,owned
,The BFG,2016,Blu-ray,https://image.tmdb.org/t/p/w200/vssXmCrfCiARkQ0512oG0wjh2h9.jpg,owned
,Birds of Prey (and the Fantabulous Emancipation of One Harley Quinn),2020,Blu-ray,https://image.tmdb.org/t/p/w200/h4VB6m0RwcicVEZvzftYZyKXs6K.jpg,owned
,Black Adam,2022,Blu-ray,https://image.tmdb.org/t/p/w200/rCtreCr4xiYEWDQTebybolIh6Xe.jpg,owned
,Black Panther,2018,Blu-ray,https://image.tmdb.org/t/p/w200/uxzzxijgPIY7slzFvMotPv8wjKA.jpg,owned
,Black Panther: Wakanda Forever,2022,Blu-ray,https://image.tmdb.org/t/p/w200/sv1xJUazXeYqALzczSZ3O6nkH75.jpg,owned
,Black Widow,2021,Blu-ray,https://image.tmdb.org/t/p/w200/7JPpIjhD2V0sKyFvhB9khUMa30d.jpg,owned
,Blade,1998,Blu-ray,https://image.tmdb.org/t/p/w200/hx0sdduAsr4rq03RZKZzglR25z7.jpg,owned
,Blade II,2002,Blu-ray,https://image.tmdb.org/t/p/w200/yDHwo3eWcMiy5LnnEnlGV9iLu9k.jpg,owned
,Blade: Trinity,2004,Blu-ray,https://image.tmdb.org/t/p/w200/6f7iXvPOnf83MaLB1JmPzUor1rr.jpg,owned
,Blade Runner,1982,Blu-ray,https://image.tmdb.org/t/p/w200/63N9uy8nd9j7Eog2axPQ8lbr3Wj.jpg,owned
,Blade Runner 2049,2017,Blu-ray,https://image.tmdb.org/t/p/w200/gajva2L0rPYkEWjzgFlBXCAVBE5.jpg,owned
,Blue Beetle,2023,Blu-ray,https://image.tmdb.org/t/p/w200/mXLOHHc1Zeuwsl4xYKjKh2280oL.jpg,owned
,Bohemian Rhapsody,2018,Blu-ray,https://image.tmdb.org/t/p/w200/lHu1wtNaczFPGFDTrjCSzeLPTKN.jpg,owned
,The Bounty Hunter,2010,Blu-ray,https://image.tmdb.org/t/p/w200/fJPKar0jnAsS09l3xfP6LL8sUkX.jpg,owned
,The Bourne Identity,2002,Blu-ray,https://image.tmdb.org/t/p/w200/aP8swke3gmowbkfZ6lmNidu0y9p.jpg,owned
,The Bourne Legacy,2012,Blu-ray,https://image.tmdb.org/t/p/w200/1aExL5DTGHj25ZfIC3dDwS84RWi.jpg,owned
,The Bourne Ultimatum,2007,Blu-ray,https://image.tmdb.org/t/p/w200/15rMz5MRXFp7CP4VxhjYw4y0FUn.jpg,owned
,Boyhood,2014,Blu-ray,https://image.tmdb.org/t/p/w200/2BvtvDUyxiMJ4dmKfiQf4qdOHQN.jpg,owned
,Brave,2012,Blu-ray,https://image.tmdb.org/t/p/w200/1XAuDtMWpL0sYSFK0R6EZate2Ux.jpg,owned
,Bride of Chucky,1998,Blu-ray,https://image.tmdb.org/t/p/w200/uB2BNPi6GE6sNci6M7vL0Hux7sr.jpg,owned
,Bride Wars,2009,Blu-ray,https://image.tmdb.org/t/p/w200/eyXT8tmUoyHrg7YX1UVjmecHCWP.jpg,owned
,Bridge of Spies,2015,Blu-ray,https://image.tmdb.org/t/p/w200/fmOOjHAQzxr0c1sfcY4qkiSRBH6.jpg,owned
,Bridget Jones's Diary,2001,Blu-ray,https://image.tmdb.org/t/p/w200/dkauRl9TosBFikftrC3OVcKWDoz.jpg,owned
,Bridget Jones's Baby,2016,Blu-ray,https://image.tmdb.org/t/p/w200/5hHomngoPZrNoXOPlyaHV6eXaQW.jpg,owned
,Bridget Jones: The Edge of Reason,2004,Blu-ray,https://image.tmdb.org/t/p/w200/zDthRXkGnwFIWI0zWcJyS7h6lUl.jpg,owned
,Bridget Jones: Mad About the Boy,2025,Blu-ray,https://image.tmdb.org/t/p/w200/e5VR3nhLYG60znxaqU84wv4VSCb.jpg,owned
,Broken City,2013,Blu-ray,https://image.tmdb.org/t/p/w200/hqa5FwNZC55zqSpdeGFtBDqw55y.jpg,owned
,Bruce Almighty,2003,Blu-ray,https://image.tmdb.org/t/p/w200/f0QqG14SZYYZcV4VWykVc5w13dz.jpg,owned
,Brüno,2009,Blu-ray,https://image.tmdb.org/t/p/w200/wcUc7TYtsb72dHVb51sYaGIvQsr.jpg,owned
,Bumblebee,2018,Blu-ray,https://image.tmdb.org/t/p/w200/fw02ONlDhrYjTSZV8XO6hhU3ds3.jpg,owned
,Captain America: Brave New World,2025,Blu-ray,https://image.tmdb.org/t/p/w200/pzIddUEMWhWzfvLI3TwxUG2wGoi.jpg,owned
,Captain America: Civil War,2016,Blu-ray,https://image.tmdb.org/t/p/w200/rAGiXaUfPzY7CDEyNKUofk3Kw2e.jpg,owned
,Captain America: The First Avenger,2011,Blu-ray,https://image.tmdb.org/t/p/w200/vSNxAJTlD0r02V9sPYpOjqDZXUK.jpg,owned
,Captain America: The Winter Soldier,2014,Blu-ray,https://image.tmdb.org/t/p/w200/tVFRpFw3xTedgPGqxW0AOI8Qhh0.jpg,owned
,Captain Marvel,2019,Blu-ray,https://image.tmdb.org/t/p/w200/AtsgWhDnHTq68L0lLsUrCnM7TjG.jpg,owned
,Captain Phillips,2013,Blu-ray,https://image.tmdb.org/t/p/w200/8Td0kkocW6sD3uRpzwfMfkqMWhx.jpg,owned
,Casablanca,1943,Blu-ray,https://image.tmdb.org/t/p/w200/lGCEKlJo2CnWydQj7aamY7s1S7Q.jpg,owned
,Casino,1995,Blu-ray,https://image.tmdb.org/t/p/w200/gziIkUSnYuj9ChCi8qOu2ZunpSC.jpg,owned
,Casino Royale,2006,Blu-ray,https://image.tmdb.org/t/p/w200/lMrxYKKhd4lqRzwUHAy5gcx9PSO.jpg,owned
,Catch Me If You Can,2002,Blu-ray,https://image.tmdb.org/t/p/w200/sdYgEkKCDPWNU6KnoL4qd8xZ4w7.jpg,owned
,Cedar Rapids,2011,Blu-ray,https://image.tmdb.org/t/p/w200/udHprtPPfDHdcR1ijoY24mt9OB1.jpg,owned
,Central Intelligence,2016,Blu-ray,https://image.tmdb.org/t/p/w200/hXQVMbRNpf7c93e8clMY4W5DRm6.jpg,owned
,Chappie,2015,Blu-ray,https://image.tmdb.org/t/p/w200/uuDUpzlMFomdSfNWlpEPS9nVZWV.jpg,owned
,Charlie St. Cloud,2010,Blu-ray,https://image.tmdb.org/t/p/w200/r4XSrs6N086EU8CNm339dHRPhZg.jpg,owned
,Chasing Mavericks,2012,Blu-ray,https://image.tmdb.org/t/p/w200/7wxJmFqTMcdE05sfWedB6458US1.jpg,owned
,Chernobyl Diaries,2012,Blu-ray,https://image.tmdb.org/t/p/w200/9AKhThGA8IATBy3gR7I4dw9SEc4.jpg,owned
,Child's Play,1988,Blu-ray,https://image.tmdb.org/t/p/w200/7jrOhGtRh6YK7sMfvH1E1f36aVx.jpg,owned
,Child's Play 2,1990,Blu-ray,https://image.tmdb.org/t/p/w200/2tPQbPQeHEYAGoXFSW61IWNmoce.jpg,owned
,Child's Play 3,1991,Blu-ray,https://image.tmdb.org/t/p/w200/6toMk9OCuDYEEf733Bzlq3yiw3z.jpg,owned
,Chitty Chitty Bang Bang,1968,Blu-ray,https://image.tmdb.org/t/p/w200/wJ62FzGeCAs6PjCIK1as6xzdIY5.jpg,owned
,"The Chronicles of Narnia: The Lion, the Witch and the Wardrobe",2005,Blu-ray,https://image.tmdb.org/t/p/w200/iREd0rNCjYdf5Ar0vfaW32yrkm.jpg,owned
,Churchill,2017,Blu-ray,https://image.tmdb.org/t/p/w200/zdDthGLJxzEYOCb9IHHjLmSqoRx.jpg,owned
,Cinderella,2015,Blu-ray,https://image.tmdb.org/t/p/w200/j91LJmcWo16CArFOoapsz84bwxb.jpg,owned
,Cinderella,1950,Blu-ray,https://image.tmdb.org/t/p/w200/4nssBcQUBadCTBjrAkX46mVEKts.jpg,owned
,Clash of the Titans,2010,Blu-ray,https://image.tmdb.org/t/p/w200/6iHYLipwEyZUPNO8MM3l1yHDaFE.jpg,owned
,Click,2006,Blu-ray,https://image.tmdb.org/t/p/w200/oL0k5JA53PyoHSZqKb3cNkhwBCE.jpg,owned
,Cloudy with a Chance of Meatballs,2009,Blu-ray,https://image.tmdb.org/t/p/w200/qhOhIKf7QEyQ5dMrRUqs5eTX1Oq.jpg,owned
,Cloudy with a Chance of Meatballs 2,2013,Blu-ray,https://image.tmdb.org/t/p/w200/ss5NcK2NWFg2YcKKYXLrk8q1myS.jpg,owned
,Commando,1985,Blu-ray,https://image.tmdb.org/t/p/w200/ollPAAAgZ7euU8VisfqU3cuXhZ6.jpg,owned
,Concussion,2015,Blu-ray,https://image.tmdb.org/t/p/w200/gseayWAIFt3GQrEUNuUcYxT77Ud.jpg,owned
,The Conjuring,2013,Blu-ray,https://image.tmdb.org/t/p/w200/wVYREutTvI2tmxr6ujrHT704wGF.jpg,owned
,Coronation Street: Out of Africa,2008,DVD,,owned
,Couples Retreat,2009,Blu-ray,https://image.tmdb.org/t/p/w200/igXVSRZsNX3TZsKrQqSyEJvzHRF.jpg,owned
,Creed,2015,Blu-ray,https://image.tmdb.org/t/p/w200/1BfTsk5VWuw8FCocAhCyqnRbEzq.jpg,owned
,Creed II,2018,Blu-ray,https://image.tmdb.org/t/p/w200/v3QyboWRoA4O9RbcsqH8tJMe8EB.jpg,owned
,Creed III,2023,Blu-ray,https://image.tmdb.org/t/p/w200/cvsXj3I9Q2iyyIo95AecSd1tad7.jpg,owned
,Cult of Chucky,2017,Blu-ray,https://image.tmdb.org/t/p/w200/r5JUiMYfatwYeDkxkLWYUx5GIjY.jpg,owned
,Curse of Chucky,2013,Blu-ray,https://image.tmdb.org/t/p/w200/x9DzkDWp8O82Wzxk6otuD9bce9a.jpg,owned
,The Da Vinci Code,2006,Blu-ray,https://image.tmdb.org/t/p/w200/9ejKfNk0LBhSI9AahH4f9NJNZNM.jpg,owned
,Daddy's Home,2015,Blu-ray,https://image.tmdb.org/t/p/w200/fB9lALk9zKsMYWvf0bJSkJN219Z.jpg,owned
,Daddy's Home 2,2017,Blu-ray,https://image.tmdb.org/t/p/w200/rF2IoKL0IFmumEXQFUuB8LajTYP.jpg,owned
,Dad's Army,2016,Blu-ray,https://image.tmdb.org/t/p/w200/6MnhydfF3L97zJ0GlukE58kOByo.jpg,owned
,Daleks' Invasion Earth: 2150 A.D.,1966,DVD,https://image.tmdb.org/t/p/w200/y5l0DjqEaqPLkP4A7yaj1a3FXI0.jpg,owned
,Dallas Buyers Club,2013,Blu-ray,https://image.tmdb.org/t/p/w200/7Fdh7gUq3plvQqxRbNYhWvDABXA.jpg,owned
,Daredevil,2003,Blu-ray,https://image.tmdb.org/t/p/w200/oCDBwSkntYamuw8VJIxMRCtDBmi.jpg,owned
,The Dark Knight,2008,Blu-ray,https://image.tmdb.org/t/p/w200/qJ2tW6WMUDux911r6m7haRef0WH.jpg,owned
,The Dark Knight Rises,2012,Blu-ray,https://image.tmdb.org/t/p/w200/hr0L2aueqlP2BYUblTTjmtn0hw4.jpg,owned
,Dark Phoenix,2019,Blu-ray,https://image.tmdb.org/t/p/w200/cCTJPelKGLhALq3r51A9uMonxKj.jpg,owned
,Darkest Hour,2017,Blu-ray,https://image.tmdb.org/t/p/w200/xa6G3aKlysQeVg9wOb0dRcIGlWu.jpg,owned
,David Brent: Life on the Road,2016,Blu-ray,https://image.tmdb.org/t/p/w200/lhUKeZj7VlWAtavAzTLwClDWSpI.jpg,owned
,Dawn of the Planet of the Apes,2014,Blu-ray,https://image.tmdb.org/t/p/w200/kScdQEwS9jPEdnO23XjGAtaoRcT.jpg,owned
,The Day After Tomorrow,2004,Blu-ray,https://image.tmdb.org/t/p/w200/Wr4HeYQRvwVCxzOV5TmGE7UkXq.jpg,owned
,The Day the Earth Stood Still,2008,Blu-ray,https://image.tmdb.org/t/p/w200/vBgFSYmG5tb7GsZ3tHR0WNaWaxA.jpg,owned
,Deadpool,2016,Blu-ray,https://image.tmdb.org/t/p/w200/3E53WEZJqP6aM84D8CckXx4pIHw.jpg,owned
,Deadpool 2,2018,Blu-ray,https://image.tmdb.org/t/p/w200/to0spRl1CMDvyUbOnbb4fTk3VAd.jpg,owned
,Deadpool & Wolverine,2024,Blu-ray,https://image.tmdb.org/t/p/w200/8cdWjvZQUExUUTzyp4t6EDMubfO.jpg,owned
,The Death of Stalin,2017,Blu-ray,https://image.tmdb.org/t/p/w200/AqH7q89NxGRDAyRWKqsL3OBtYfV.jpg,owned
,Despicable Me,2010,Blu-ray,https://image.tmdb.org/t/p/w200/9lOloREsAhBu0pEtU0BgeR1rHyo.jpg,owned
,Despicable Me 2,2013,Blu-ray,https://image.tmdb.org/t/p/w200/oyMPJJZoOpLHgJoFPUOn6DgkbWJ.jpg,owned
,Despicable Me 3,2017,Blu-ray,https://image.tmdb.org/t/p/w200/6t3YWl7hrr88lCEFlGVqW5yV99R.jpg,owned
,Despicable Me 4,2024,Blu-ray,https://image.tmdb.org/t/p/w200/wWba3TaojhK7NdycRhoQpsG0FaH.jpg,owned
,Devil's Due,2014,Blu-ray,https://image.tmdb.org/t/p/w200/56zW5kl6b10UNIXpQZTUXV2iygC.jpg,owned
,Diamonds Are Forever,1971,Blu-ray,https://image.tmdb.org/t/p/w200/uajiHcFX5sOhYB2tBuWkmizbtuU.jpg,owned
,The Dictator,2012,Blu-ray,https://image.tmdb.org/t/p/w200/n0W7kajF4GFMRk2c0wWwMQqTaDM.jpg,owned
,Die Another Day,2002,Blu-ray,https://image.tmdb.org/t/p/w200/bZmGqOhMhaLn8AoFMvFDct4tbrL.jpg,owned
,Die Hard,1988,Blu-ray,https://image.tmdb.org/t/p/w200/aJCpHDC6RoGz7d1Fzayl019xnxX.jpg,owned
,Die Hard 2,1990,Blu-ray,https://image.tmdb.org/t/p/w200/ybki0UWO3OPhaM6MSniuKC7sy1R.jpg,owned
,Die Hard: With a Vengeance,1995,Blu-ray,https://image.tmdb.org/t/p/w200/buqmCdFQEWwEpL3agGgg2GVjN2d.jpg,owned
,The Dilemma,2011,Blu-ray,https://image.tmdb.org/t/p/w200/a7EVBTqeh6NoCFDW24qIp11kyi9.jpg,owned
,Dirty Dancing,1987,Blu-ray,https://image.tmdb.org/t/p/w200/9Jw6jys7q9gjzVX5zm1z0gC8gY9.jpg,owned
,Disaster Movie,2008,Blu-ray,https://image.tmdb.org/t/p/w200/3J8XKUfhJiNzwobUZVtizXYPe8b.jpg,owned
,District 9,2009,Blu-ray,https://image.tmdb.org/t/p/w200/tuGlQkqLxnodDSk6mp5c2wvxUEd.jpg,owned
,Django Unchained,2012,Blu-ray,https://image.tmdb.org/t/p/w200/7oWY8VDWW7thTzWh3OKYRkWUlD5.jpg,owned
,Doctor Strange,2016,Blu-ray,https://image.tmdb.org/t/p/w200/xf8PbyQcR5ucXErmZNzdKR0s8ya.jpg,owned
,Doctor Strange in the Multiverse of Madness,2022,Blu-ray,https://image.tmdb.org/t/p/w200/ddJcSKbcp4rKZTmuyWaMhuwcfMz.jpg,owned
,DodgeBall: A True Underdog Story,2004,Blu-ray,https://image.tmdb.org/t/p/w200/r8KbNHkkwFXLjV1suGwm0Qjure5.jpg,owned
,Doubt,2008,Blu-ray,https://image.tmdb.org/t/p/w200/9lypT2ghNuUPYVJf66oe4fKvUqI.jpg,owned
,Dr. No,1962,Blu-ray,https://image.tmdb.org/t/p/w200/f9HsemSsBEHN5eoMble1bj6fDxs.jpg,owned
,Dr. Who and the Daleks,1965,DVD,https://image.tmdb.org/t/p/w200/qhCHlQFb3DoI0JcofRdN8F1PBSh.jpg,owned
,Dracula Untold,2014,Blu-ray,https://image.tmdb.org/t/p/w200/m5h3NtZ2ZfryIHl1MvatmANvIqQ.jpg,owned
,Drive,2011,Blu-ray,https://image.tmdb.org/t/p/w200/602vevIURmpDfzbnv5Ubi6wIkQm.jpg,owned
,Due Date,2010,Blu-ray,https://image.tmdb.org/t/p/w200/sBxWS09pOOyXZ0dcnqfqqCAQGan.jpg,owned
,Déjà Vu,2006,Blu-ray,https://image.tmdb.org/t/p/w200/eTX6hklzFOiEVqVukNCEedZKhix.jpg,owned
,Eddie the Eagle,2016,Blu-ray,https://image.tmdb.org/t/p/w200/r562gvTRVHnDSvG7MrKHEECSn1V.jpg,owned
,Elektra,2005,Blu-ray,https://image.tmdb.org/t/p/w200/Z4dAOxjAHTUZO6DJ2WVAsxzwe3.jpg,owned
,Elf,2003,Blu-ray,https://image.tmdb.org/t/p/w200/oOleziEempUPu96jkGs0Pj6tKxj.jpg,owned
,The Empire Strikes Back,1980,Blu-ray,https://image.tmdb.org/t/p/w200/nNAeTmF4CtdSgMDplXTDPOpYzsX.jpg,owned
,Enchanted,2007,Blu-ray,https://image.tmdb.org/t/p/w200/8KCNzCArLlvLdQoHx6npua2VSVc.jpg,owned
,The Equalizer,2014,Blu-ray,https://image.tmdb.org/t/p/w200/9u4yW7yPA0BQ2pv9XwiNzItwvp8.jpg,owned
,Escape Plan,2013,Blu-ray,https://image.tmdb.org/t/p/w200/qOZPLflxDqKogu9v9hYw3lolxGs.jpg,owned
,Eternals,2021,Blu-ray,https://image.tmdb.org/t/p/w200/lFByFSLV5WDJEv3KabbdAF959F2.jpg,owned
,Evil Dead,2013,Blu-ray,https://image.tmdb.org/t/p/w200/1gDV0Lm9y8ufIKzyf0h0GBgb9Zj.jpg,owned
,Exodus: Gods and Kings,2014,Blu-ray,https://image.tmdb.org/t/p/w200/uaDj37JtvLan9tihxZ18e6qL33b.jpg,owned
,The Expendables,2010,Blu-ray,https://image.tmdb.org/t/p/w200/j09ZkH6R4JWVylBcDai1laCmGw7.jpg,owned
,The Expendables 2,2012,Blu-ray,https://image.tmdb.org/t/p/w200/74rTIGyGoIu5KSxDVMdr8H3MtMo.jpg,owned
,Extremely Loud & Incredibly Close,2011,Blu-ray,https://image.tmdb.org/t/p/w200/6pszViNvKr1r31pP7gJNYDHEx5P.jpg,owned
,The Fantastic 4: First Steps,2025,Blu-ray,https://image.tmdb.org/t/p/w200/pZPJsaFKWheTOerVhLnpP8TPp4B.jpg,owned
,Fantastic Four,2015,Blu-ray,https://image.tmdb.org/t/p/w200/cDroz5qSlP8xZ6tOpeYoPkBvKyL.jpg,owned
,Fantastic Four,2005,Blu-ray,https://image.tmdb.org/t/p/w200/5qLP3JVg8NE3zdZd48lqhx7iN5Q.jpg,owned
,Fantastic Four: Rise of the Silver Surfer,2007,Blu-ray,https://image.tmdb.org/t/p/w200/1rxTraSO45jbvTrCeSvJ6RmOu1b.jpg,owned
,Fast & Furious,2009,Blu-ray,https://image.tmdb.org/t/p/w200/lUtVoRukW7WNtUySwd8hWlByBds.jpg,owned
,Fast & Furious 6,2013,Blu-ray,https://image.tmdb.org/t/p/w200/thSmnRdrzPBBospIOJjLZBReqzo.jpg,owned
,The Fast and the Furious,2001,Blu-ray,https://image.tmdb.org/t/p/w200/gqY0ITBgT7A82poL9jv851qdnIb.jpg,owned
,The Fast and the Furious: Tokyo Drift,2006,Blu-ray,https://image.tmdb.org/t/p/w200/46xqGOwHbh2TH2avWSw3SMXph4E.jpg,owned
,Fast Five,2011,Blu-ray,https://image.tmdb.org/t/p/w200/gEfQjjQwY7fh5bI4GlG0RrBu7Pz.jpg,owned
,The Fate of the Furious,2017,Blu-ray,https://image.tmdb.org/t/p/w200/dImWM7GJqryWJO9LHa3XQ8DD5NH.jpg,owned
,The Fault in Our Stars,2014,Blu-ray,https://image.tmdb.org/t/p/w200/kcVuktIlrn9SAN1uBmPDnocTQmF.jpg,owned
,The Fighter,2010,Blu-ray,https://image.tmdb.org/t/p/w200/xfsFerGhO1h6rLk8vwLgMyQ8WVJ.jpg,owned
,Fighting with My Family,2019,Blu-ray,https://image.tmdb.org/t/p/w200/fU4UrY5tTAYAXIzFs7oR9BK5Cqx.jpg,owned
,Final Destination,2000,Blu-ray,https://image.tmdb.org/t/p/w200/1mXhlQMnlfvJ2frxTjZSQNnA9Vp.jpg,owned
,Final Destination Bloodlines,2025,Blu-ray,https://image.tmdb.org/t/p/w200/6WxhEvFsauuACfv8HyoVX6mZKFj.jpg,owned
,Find Me Guilty,2006,Blu-ray,https://image.tmdb.org/t/p/w200/8M0dkX7jOor7exKor1txoUl9Ynu.jpg,owned
,Finding Your Feet,2017,Blu-ray,https://image.tmdb.org/t/p/w200/p54LOicUXx2T5U5nIEJCIOhsAhk.jpg,owned
,First Man,2018,Blu-ray,https://image.tmdb.org/t/p/w200/i91mfvFcPPlaegcbOyjGgiWfZzh.jpg,owned
,The First Purge,2018,Blu-ray,https://image.tmdb.org/t/p/w200/litjsBoiydO6JlO70uOX4N3WnNL.jpg,owned
,The Five-Year Engagement,2012,Blu-ray,https://image.tmdb.org/t/p/w200/drsY910CSoSkROYypNVwUxI875T.jpg,owned
,Flags of Our Fathers,2006,Blu-ray,https://image.tmdb.org/t/p/w200/2nkPrhf4YIyMFelfe4zdOnGRYz5.jpg,owned
,The Flash,2023,Blu-ray,https://image.tmdb.org/t/p/w200/rktDFPbfHfUbArZ6OOOKsXcv0Bm.jpg,owned
,Flash Gordon,1980,Blu-ray,https://image.tmdb.org/t/p/w200/eTdEaRjtVnFbd5KVhxLRfbYW46e.jpg,owned
,Flight,2012,Blu-ray,https://image.tmdb.org/t/p/w200/tFsHDNclXoCKy2xMxskzXXMaFJS.jpg,owned
,Focus,2015,Blu-ray,https://image.tmdb.org/t/p/w200/lOzGWjceYTd0kd5HyX7Ch46O9kh.jpg,owned
,For Your Eyes Only,1981,Blu-ray,https://image.tmdb.org/t/p/w200/rIbhuS2xBHDYWAriFxLABlK2LZV.jpg,owned
,The Forest,2016,Blu-ray,https://image.tmdb.org/t/p/w200/1TohqCqMbaiuRLJPrPW0vnQP3lE.jpg,owned
,Forrest Gump,1994,Blu-ray,https://image.tmdb.org/t/p/w200/saHP97rTPS5eLmrLQEcANmKrsFl.jpg,owned
,The Fourth Kind,2009,Blu-ray,https://image.tmdb.org/t/p/w200/vfnsGUwurUQqlpvArBvUVc9rYXa.jpg,owned
,Foxcatcher,2014,Blu-ray,https://image.tmdb.org/t/p/w200/w6Sl079QtUcQ9dVQ2RP6aN9NBXx.jpg,owned
,Friday the 13th,1980,Blu-ray,https://image.tmdb.org/t/p/w200/uGGpnWHOmWTARVN9wbC1nPxNgps.jpg,owned
,Friday the 13th: A New Beginning,1985,Blu-ray,https://image.tmdb.org/t/p/w200/ewnIs4aCuWnKQ13Eaj8f3ybrQc8.jpg,owned
,Friday the 13th Part 2,1981,Blu-ray,https://image.tmdb.org/t/p/w200/92rGctBMTv4uaSlIBVnhz01kRWL.jpg,owned
,Friday the 13th Part III,1982,Blu-ray,https://image.tmdb.org/t/p/w200/9kukTSlgFgXnQGdpcHvHcpTDiUc.jpg,owned
,Friday the 13th: The Final Chapter,1984,Blu-ray,https://image.tmdb.org/t/p/w200/1J7zudfR3VLPwAf9lK5YPfSu0n6.jpg,owned
,Friday the 13th Part VI: Jason Lives,1986,Blu-ray,https://image.tmdb.org/t/p/w200/6vdUpHvkspQonXBdWcLWW5ciEPJ.jpg,owned
,Friday the 13th Part VIII: Jason Takes Manhattan,1989,Blu-ray,https://image.tmdb.org/t/p/w200/6ezOsZ9UzqGnbDokaatxdOWP6e9.jpg,owned
,Friday the 13th Part VII: The New Blood,1988,Blu-ray,https://image.tmdb.org/t/p/w200/rUzk9Qnyz2FZGxHMBrq6DYIQZkO.jpg,owned
,From Russia with Love,1963,Blu-ray,https://image.tmdb.org/t/p/w200/zx4V17FP8oclNvOpTgs2iCCtiYk.jpg,owned
,Frozen,2013,Blu-ray,https://image.tmdb.org/t/p/w200/itAKcobTYGpYT8Phwjd8c9hleTo.jpg,owned
,Frozen II,2019,Blu-ray,https://image.tmdb.org/t/p/w200/mINJaa34MtknCYl5AjtNJzWj8cD.jpg,owned
,Furious 7,2015,Blu-ray,https://image.tmdb.org/t/p/w200/ktofZ9Htrjiy0P6LEowsDaxd3Ri.jpg,owned
,Fury,2014,Blu-ray,https://image.tmdb.org/t/p/w200/pfte7wdMobMF4CVHuOxyu6oqeeA.jpg,owned
,Gangs of New York,2002,Blu-ray,https://image.tmdb.org/t/p/w200/lemqKtcCuAano5aqrzxYiKC8kkn.jpg,owned
,Gangster Squad,2013,Blu-ray,https://image.tmdb.org/t/p/w200/4Ai5uFTPE1tUXSc5wMbXyZtXkt8.jpg,owned
,The Garfield Movie,2024,Blu-ray,https://image.tmdb.org/t/p/w200/xYduFGuch9OwbCOEUiamml18ZoB.jpg,owned
,Get Hard,2015,Blu-ray,https://image.tmdb.org/t/p/w200/rJPbS2cYOYhDCjT5NmW1Fm6gFl3.jpg,owned
,Get Him to the Greek,2010,Blu-ray,https://image.tmdb.org/t/p/w200/6g0li87w8LIK77QRUtOkQkM6bD7.jpg,owned
,Ghost Rider,2007,Blu-ray,https://image.tmdb.org/t/p/w200/1pyU94dAY7npDQCKuxCSyX9KthN.jpg,owned
,Ghost Rider: Spirit of Vengeance,2011,Blu-ray,https://image.tmdb.org/t/p/w200/fUJOWsjjE8u1r4YOLYe1RLYy7bm.jpg,owned
,Ghost Town,2008,Blu-ray,https://image.tmdb.org/t/p/w200/b8VS14DwpLlugTxVWSllYU0Gjn5.jpg,owned
,Ghostbusters,1984,Blu-ray,https://image.tmdb.org/t/p/w200/7E8nLijS9AwwUEPu2oFYOVKhdFA.jpg,owned
,Gladiator,2000,Blu-ray,https://image.tmdb.org/t/p/w200/ty8TGRuvJLPUmAR1H1nRIsgwvim.jpg,owned
,Gnomeo & Juliet,2011,Blu-ray,https://image.tmdb.org/t/p/w200/vVQwgfS9gSFviVT4gS7tZAmhRFc.jpg,owned
,The Godfather,1972,Blu-ray,https://image.tmdb.org/t/p/w200/3bhkrj58Vtu7enYsRolD1fZdja1.jpg,owned
,The Godfather Part II,1974,Blu-ray,https://image.tmdb.org/t/p/w200/hek3koDUyRQk7FIhPXsa6mT2Zc3.jpg,owned
,The Godfather Part III,1990,Blu-ray,https://image.tmdb.org/t/p/w200/lm3pQ2QoQ16pextRsmnUbG2onES.jpg,owned
,Godzilla,2014,Blu-ray,https://image.tmdb.org/t/p/w200/zokD6uxR2iWfYM3Y84yGJvnNTK7.jpg,owned
,Going in Style,2017,Blu-ray,https://image.tmdb.org/t/p/w200/4nfWsdsJfO5srRZgxiWC9xHub0W.jpg,owned
,GoldenEye,1995,Blu-ray,https://image.tmdb.org/t/p/w200/z0ljRnNxIO7CRBhLEO0DvLgAFPR.jpg,owned
,Goldfinger,1964,Blu-ray,https://image.tmdb.org/t/p/w200/hsHVGBINg9bactVjE91wFBgd51J.jpg,owned
,Gone Girl,2014,Blu-ray,https://image.tmdb.org/t/p/w200/ts996lKsxvjkO2yiYG0ht4qAicO.jpg,owned
,Gone with the Wind,1939,Blu-ray,https://image.tmdb.org/t/p/w200/lNz2Ow0wGCAvzckW7EOjE03KcYv.jpg,owned
,A Good Day to Die Hard,2013,Blu-ray,https://image.tmdb.org/t/p/w200/qJ0csDXAVFMsNn0cRcjy6W6PxAK.jpg,owned
,The Good Dinosaur,2015,Blu-ray,https://image.tmdb.org/t/p/w200/8RSkxOO80btfKjyiC5ZiTaCHIT8.jpg,owned
,Gravity,2013,Blu-ray,https://image.tmdb.org/t/p/w200/kZ2nZw8D681aphje8NJi8EfbL1U.jpg,owned
,The Great Gatsby,2013,Blu-ray,https://image.tmdb.org/t/p/w200/tyxfCBQv6Ap74jcu3xd7aBiaa29.jpg,owned
,The Great Wall,2016,Blu-ray,https://image.tmdb.org/t/p/w200/p70dq1YxabemdZDm5K6Q8G10wSn.jpg,owned
,The Greatest Showman,2017,Blu-ray,https://image.tmdb.org/t/p/w200/b9CeobiihCx1uG1tpw8hXmpi7nm.jpg,owned
,The Green Hornet,2011,Blu-ray,https://image.tmdb.org/t/p/w200/1YrRviphr3eXPus9iHyQX56QgIE.jpg,owned
,Green Lantern,2011,Blu-ray,https://image.tmdb.org/t/p/w200/fj21HwUprqjjwTdkKC1XZurRSpV.jpg,owned
,Grimsby,2016,Blu-ray,https://image.tmdb.org/t/p/w200/2jQGFmShpdflApc5oidJZ97m1d1.jpg,owned
,Grown Ups,2010,Blu-ray,https://image.tmdb.org/t/p/w200/cQGM5k1NtU85n4TUlrOrwijSCcm.jpg,owned
,Grown Ups 2,2013,Blu-ray,https://image.tmdb.org/t/p/w200/hT6ijOtjtYrnyDhN7VA2QWyGFAm.jpg,owned
,Guardians of the Galaxy,2014,Blu-ray,https://image.tmdb.org/t/p/w200/r7vmZjiyZw9rpJMQJdXpjgiCOk9.jpg,owned
,Guardians of the Galaxy Vol. 2,2017,4K,https://image.tmdb.org/t/p/w200/y4MBh0EjBlMuOzv9axM4qJlmhzz.jpg,owned
,Guardians of the Galaxy Vol. 3,2023,Blu-ray,https://image.tmdb.org/t/p/w200/r2J02Z2OpNTctfOSN1Ydgii51I3.jpg,owned
,Gulliver's Travels,2010,Blu-ray,https://image.tmdb.org/t/p/w200/tazLyiF4q2w07jXjg4z4CQZgvY.jpg,owned
,Hall Pass,2011,Blu-ray,https://image.tmdb.org/t/p/w200/eol3uD6whQKOKCmmhF7z39fq2Pe.jpg,owned
,Hancock,2008,Blu-ray,https://image.tmdb.org/t/p/w200/7DyuV2G0hLEqHeueDfOqhZ2DVut.jpg,owned
,The Hangover,2009,Blu-ray,https://image.tmdb.org/t/p/w200/A0uS9rHR56FeBtpjVki16M5xxSW.jpg,owned
,The Hangover Part II,2011,Blu-ray,https://image.tmdb.org/t/p/w200/cKZu0Fdkj7dmwbfMpgDqVVCkLJQ.jpg,owned
,The Hangover Part III,2013,Blu-ray,https://image.tmdb.org/t/p/w200/vtxuPWkdllLNLVyGjKYa267ntuH.jpg,owned
,The Harry Hill Movie,2013,Blu-ray,https://image.tmdb.org/t/p/w200/9NAjqAc0iaORKdDTUy36JHp67el.jpg,owned
,Harry Potter and the Chamber of Secrets,2002,Blu-ray,https://image.tmdb.org/t/p/w200/sdEOH0992YZ0QSxgXNIGLq1ToUi.jpg,owned
,Harry Potter and the Deathly Hallows: Part 1,2010,Blu-ray,https://image.tmdb.org/t/p/w200/iGoXIpQb7Pot00EEdwpwPajheZ5.jpg,owned
,Harry Potter and the Deathly Hallows: Part 2,2011,Blu-ray,https://image.tmdb.org/t/p/w200/c54HpQmuwXjHq2C9wmoACjxoom3.jpg,owned
,Harry Potter and the Goblet of Fire,2005,Blu-ray,https://image.tmdb.org/t/p/w200/fECBtHlr0RB3foNHDiCBXeg9Bv9.jpg,owned
,Harry Potter and the Half-Blood Prince,2009,Blu-ray,https://image.tmdb.org/t/p/w200/z7uo9zmQdQwU5ZJHFpv2Upl30i1.jpg,owned
,Harry Potter and the Order of the Phoenix,2007,Blu-ray,https://image.tmdb.org/t/p/w200/5aOyriWkPec0zUDxmHFP9qMmBaj.jpg,owned
,Harry Potter and the Philosopher's Stone,2001,Blu-ray,https://image.tmdb.org/t/p/w200/wuMc08IPKEatf9rnMNXvIDxqP4W.jpg,owned
,Harry Potter and the Prisoner of Azkaban,2004,Blu-ray,https://image.tmdb.org/t/p/w200/aWxwnYoe8p2d2fcxOqtvAtJ72Rw.jpg,owned
,Haywire,2011,Blu-ray,https://image.tmdb.org/t/p/w200/c9fJ0dYC30NnE9k2p61c0dqlZqW.jpg,owned
,Headhunters,2011,Blu-ray,https://image.tmdb.org/t/p/w200/k5DQqsb9T8djkTAOdwNCBBBHrtK.jpg,owned
,Heat,1995,Blu-ray,https://image.tmdb.org/t/p/w200/umSVjVdbVwtx5ryCA2QXL44Durm.jpg,owned
,Hellboy,2004,Blu-ray,https://image.tmdb.org/t/p/w200/lbaTEneOofwvAyg77R8HbFML2zT.jpg,owned
,Hellboy II: The Golden Army,2008,Blu-ray,https://image.tmdb.org/t/p/w200/zO0Wdrxnhx3KoJEvychSmnY3urC.jpg,owned
,Hercules,2014,Blu-ray,https://image.tmdb.org/t/p/w200/5X3VOy9lD44VclKsWTi8gHZGjhL.jpg,owned
,Heretic,2024,Blu-ray,https://image.tmdb.org/t/p/w200/fr96XzlzsONrQrGfdLMiwtQjott.jpg,owned
,Hitch,2005,Blu-ray,https://image.tmdb.org/t/p/w200/x3W9H3nhGQbWSlyI8Amp2F6Z6cz.jpg,owned
,Hitman: Agent 47,2015,Blu-ray,https://image.tmdb.org/t/p/w200/cx9AOBOv9Qf5ufZYQMbfTV7w7VY.jpg,owned
,The Hobbit: An Unexpected Journey,2012,Blu-ray,https://image.tmdb.org/t/p/w200/yHA9Fc37VmpUA5UncTxxo3rTGVA.jpg,owned
,The Hobbit: The Battle of the Five Armies,2014,Blu-ray,https://image.tmdb.org/t/p/w200/xT98tLqatZPQApyRmlPL12LtiWp.jpg,owned
,The Hobbit: The Desolation of Smaug,2013,Blu-ray,https://image.tmdb.org/t/p/w200/xQYiXsheRCDBA39DOrmaw1aSpbk.jpg,owned
,A Hologram for the King,2016,Blu-ray,https://image.tmdb.org/t/p/w200/wmjWGb2tqtOA4XPnK1tpIfzRtSQ.jpg,owned
,Home,2015,Blu-ray,https://image.tmdb.org/t/p/w200/usFenYnk6mr8C62dB1MoAfSWMGR.jpg,owned
,Home Alone,1990,Blu-ray,https://image.tmdb.org/t/p/w200/onTSipZ8R3bliBdKfPtsDuHTdlL.jpg,owned
,Hop,2011,Blu-ray,https://image.tmdb.org/t/p/w200/hRa9MJTgCbSuL3h2CVPwUdYOWJH.jpg,owned
,Horrible Bosses,2011,Blu-ray,https://image.tmdb.org/t/p/w200/uQkUwgyFHAm0jGQERPG6Z9o9Zbj.jpg,owned
,Horrible Bosses 2,2014,Blu-ray,https://image.tmdb.org/t/p/w200/boBOkwIqgrs8noxBUSDkkicKa4K.jpg,owned
,Horrid Henry: The Movie,2011,Blu-ray,https://image.tmdb.org/t/p/w200/13J24dV8FcQFlC6mntj6J5XJfvF.jpg,owned
,Hot Fuzz,2007,Blu-ray,https://image.tmdb.org/t/p/w200/4Br5qhGrfIxlJmlnR2qfCRYioqq.jpg,owned
,Hot Tub Time Machine,2010,Blu-ray,https://image.tmdb.org/t/p/w200/wjzbVXAes1acbh6k4OO5xVfy5.jpg,owned
,Howard the Duck,1986,Blu-ray,https://image.tmdb.org/t/p/w200/eU0dWo8PJgsSAZFbcyHiUpuLSyW.jpg,owned
,Hugo,2011,Blu-ray,https://image.tmdb.org/t/p/w200/1dxRq3o3l3bVWNRvvSb7rRf68qp.jpg,owned
,Hulk,2003,Blu-ray,https://image.tmdb.org/t/p/w200/UllIft2jLSBaay3zQyMV4GNdfy.jpg,owned
,The Hunger Games,2012,Blu-ray,https://image.tmdb.org/t/p/w200/yXCbOiVDCxO71zI7cuwBRXdftq8.jpg,owned
,The Hunger Games: Catching Fire,2013,Blu-ray,https://image.tmdb.org/t/p/w200/vrQHDXjVmbYzadOXQ0UaObunoy2.jpg,owned
,The Hunger Games: Mockingjay - Part 1,2014,Blu-ray,https://image.tmdb.org/t/p/w200/4FAA18ZIja70d1Tu5hr5cj2q1sB.jpg,owned
,The Hunger Games: Mockingjay - Part 2,2015,Blu-ray,https://image.tmdb.org/t/p/w200/lImKHDfExAulp16grYm8zD5eONE.jpg,owned
,I Am Legend,2007,Blu-ray,https://image.tmdb.org/t/p/w200/iPDkaSdKk2jRLTM65UOEoKtsIZ8.jpg,owned
,"I, Frankenstein",2014,Blu-ray,https://image.tmdb.org/t/p/w200/a53tIl4k20zCZCNyq73kiXkwWkl.jpg,owned
,I Give It a Year,2013,Blu-ray,https://image.tmdb.org/t/p/w200/hCSqxrM5Sw6AhDIRfxQ4BenPd9y.jpg,owned
,The Ides of March,2011,Blu-ray,https://image.tmdb.org/t/p/w200/w8t4UnJnC24S9ygoaFgmMzRbErd.jpg,owned
,The Imitation Game,2014,Blu-ray,https://image.tmdb.org/t/p/w200/zSqJ1qFq8NXFfi7JeIYMlzyR0dx.jpg,owned
,The Impossible,2012,Blu-ray,https://image.tmdb.org/t/p/w200/k0DLCiDbnYywOHiISALbl2EH2NE.jpg,owned
,The Inbetweeners Movie,2011,Blu-ray,https://image.tmdb.org/t/p/w200/nePYsVp0qU8EbSXeUdr3xEkHlzN.jpg,owned
,The Inbetweeners 2,2014,Blu-ray,https://image.tmdb.org/t/p/w200/xP328XWLccsitiTTClWGTNlwz48.jpg,owned
,Inception,2010,Blu-ray,https://image.tmdb.org/t/p/w200/xlaY2zyzMfkhk0HSC5VUwzoZPU1.jpg,owned
,The Incredible Hulk,2008,Blu-ray,https://image.tmdb.org/t/p/w200/gKzYx79y0AQTL4UAk1cBQJ3nvrm.jpg,owned
,Independence Day,1996,Blu-ray,https://image.tmdb.org/t/p/w200/p0BPQGSPoSa8Ml0DAf2mB2kCU0R.jpg,owned
,Independence Day: Resurgence,2016,Blu-ray,https://image.tmdb.org/t/p/w200/9S50foUIYGwiNPWOxi1WJF6IPwI.jpg,owned
,Indiana Jones and the Dial of Destiny,2023,Blu-ray,https://image.tmdb.org/t/p/w200/Af4bXE63pVsb2FtbW8uYIyPBadD.jpg,owned
,Indiana Jones and the Kingdom of the Crystal Skull,2008,Blu-ray,https://image.tmdb.org/t/p/w200/56As6XEM1flWvprX4LgkPl8ii4K.jpg,owned
,Indiana Jones and the Last Crusade,1989,Blu-ray,https://image.tmdb.org/t/p/w200/sizg1AU8f8JDZX4QIgE4pjUMBvx.jpg,owned
,Indiana Jones and the Temple of Doom,1984,Blu-ray,https://image.tmdb.org/t/p/w200/gpdVNUaa4LhRMLfJOPj1AZdhAZ3.jpg,owned
,Inferno,2016,Blu-ray,https://image.tmdb.org/t/p/w200/cnqvFvjAaV28F1tU7986VVg0WP7.jpg,owned
,Inglourious Basterds,2009,Blu-ray,https://image.tmdb.org/t/p/w200/7sfbEnaARXDDhKm0CZ7D7uc2sbo.jpg,owned
,Inside Out,2015,Blu-ray,https://image.tmdb.org/t/p/w200/2H1TmgdfNtsKlU9jKdeNyYL5y8T.jpg,owned
,Insurgent,2015,Blu-ray,https://image.tmdb.org/t/p/w200/dP5Fb6YRfzmCQtRbHOr2kO7tJW9.jpg,owned
,The International,2009,Blu-ray,https://image.tmdb.org/t/p/w200/fneofXacvudxNUKyM61UtoilHRI.jpg,owned
,The Internship,2013,Blu-ray,https://image.tmdb.org/t/p/w200/hIh3ZgsZ31nbUAGn5SKIZGKiKCX.jpg,owned
,Into the Storm,2014,Blu-ray,https://image.tmdb.org/t/p/w200/kBgrhrES9kMKSPxawUYV61KjlnB.jpg,owned
,Invictus,2009,Blu-ray,https://image.tmdb.org/t/p/w200/runuhBAAX7PmdjGhqRKCyl4bh7z.jpg,owned
,Iron Man,2008,Blu-ray,https://image.tmdb.org/t/p/w200/78lPtwv72eTNqFW9COBYI0dWDJa.jpg,owned
,Iron Man 2,2010,Blu-ray,https://image.tmdb.org/t/p/w200/6WBeq4fCfn7AN0o21W9qNcRF2l9.jpg,owned
,Iron Man 3,2013,Blu-ray,https://image.tmdb.org/t/p/w200/qhPtAc1TKbMPqNvcdXSOn9Bn7hZ.jpg,owned
,It,2017,Blu-ray,https://image.tmdb.org/t/p/w200/9E2y5Q7WlCVNEhP5GiVTjhEhx1o.jpg,owned
,It Chapter Two,2019,Blu-ray,https://image.tmdb.org/t/p/w200/zfE0R94v1E8cuKAerbskfD3VfUt.jpg,owned
,It Ends with Us,2024,Blu-ray,https://image.tmdb.org/t/p/w200/AjV6jFJ2YFIluYo4GQf13AA1tqu.jpg,owned
,Jack and Jill,2011,Blu-ray,https://image.tmdb.org/t/p/w200/kFeAxmZvu0TE4iuLRHQD6Cej8Wf.jpg,owned
,Jack Reacher,2012,Blu-ray,https://image.tmdb.org/t/p/w200/uQBbjrLVsUibWxNDGA4Czzo8lwz.jpg,owned
,Jackass Presents: Bad Grandpa,2013,Blu-ray,https://image.tmdb.org/t/p/w200/dDSMzBEaM0LYSy9Muo0zsCo77Vh.jpg,owned
,Jingle All the Way,1996,Blu-ray,https://image.tmdb.org/t/p/w200/6QLkeLXPIxiihuX5enHHNEuCCzy.jpg,owned
,John Wick,2014,Blu-ray,https://image.tmdb.org/t/p/w200/fZPSd91yGE9fCcCe6OoQr6E3Bev.jpg,owned
,John Wick: Chapter 2,2017,Blu-ray,https://image.tmdb.org/t/p/w200/hXWBc0ioZP3cN4zCu6SN3YHXZVO.jpg,owned
,John Wick: Chapter 3 - Parabellum,2019,Blu-ray,https://image.tmdb.org/t/p/w200/ziEuG1essDuWuC5lpWUaw1uXY2O.jpg,owned
,John Wick: Chapter 4,2023,Blu-ray,https://image.tmdb.org/t/p/w200/vZloFAK7NmvMGKE7VkF5UHaz0I.jpg,owned
,Johnny English,2003,Blu-ray,https://image.tmdb.org/t/p/w200/mmzW88tnkB2MnOV3Un2F9IUxSnZ.jpg,owned
,Johnny English Reborn,2011,Blu-ray,https://image.tmdb.org/t/p/w200/1T6qnlTVkrGr0mpgZbpSwVU5FWW.jpg,owned
,Johnny English Strikes Again,2018,Blu-ray,https://image.tmdb.org/t/p/w200/tCBxnZwLiY1BOKw3tH6AxHZdqPh.jpg,owned
,Jojo Rabbit,2019,Blu-ray,https://image.tmdb.org/t/p/w200/7GsM4mtM0worCtIVeiQt28HieeN.jpg,owned
,Joker,2019,Blu-ray,https://image.tmdb.org/t/p/w200/udDclJoHjfjb8Ekgsd4FDteOkCU.jpg,owned
,Joker: Folie à Deux,2024,Blu-ray,https://image.tmdb.org/t/p/w200/if8QiqCI7WAGImKcJCfzp6VTyKA.jpg,owned
,Jumanji: The Next Level,2019,Blu-ray,https://image.tmdb.org/t/p/w200/4kh9dxAiClS2GMUpkRyzGwpNWWX.jpg,owned
,Jumanji: Welcome to the Jungle,2017,Blu-ray,https://image.tmdb.org/t/p/w200/pSgXKPU5h6U89ipF7HBYajvYt7j.jpg,owned
,Jumper,2008,Blu-ray,https://image.tmdb.org/t/p/w200/3pPZ9JhNz3VMmASVir5SMHvTDUU.jpg,owned
,Juno,2007,Blu-ray,https://image.tmdb.org/t/p/w200/jNIn2tVhpvFD6P9IojldI3mNYcn.jpg,owned
,Jurassic World,2015,Blu-ray,https://image.tmdb.org/t/p/w200/rhr4y79GpxQF9IsfJItRXVaoGs4.jpg,owned
,Just Go with It,2011,Blu-ray,https://image.tmdb.org/t/p/w200/3rz7bfGsPGcI6cfY002n9VrUgao.jpg,owned
,Justice League,2017,Blu-ray,https://image.tmdb.org/t/p/w200/eifGNCSDuxJeS1loAXil5bIGgvC.jpg,owned
,The Karate Kid,2010,Blu-ray,https://image.tmdb.org/t/p/w200/b1RBy3l297N0c7PHjlz35cClWju.jpg,owned
,Kenny,2017,Blu-ray,https://image.tmdb.org/t/p/w200/emV26OmD4sl8M6Xo2CpxgzErt6I.jpg,owned
,Kick-Ass,2010,Blu-ray,https://image.tmdb.org/t/p/w200/iHMbrTHJwocsNvo5murCBw0CwTo.jpg,owned
,Kick-Ass 2,2013,Blu-ray,https://image.tmdb.org/t/p/w200/1go2A3gdQjaMuHWquybgoJlQRcX.jpg,owned
,Kill Bill: Vol. 1,2003,Blu-ray,https://image.tmdb.org/t/p/w200/v7TaX8kXMXs5yFFGR41guUDNcnB.jpg,owned
,Kill Bill: Vol. 2,2004,Blu-ray,https://image.tmdb.org/t/p/w200/vr9w5OrpAPjCdccZ6xheBqGkxwM.jpg,owned
,Kill the Messenger,2014,Blu-ray,https://image.tmdb.org/t/p/w200/8gaNZiKZHvKCqMDByY00dUIV0YC.jpg,owned
,Kindergarten Cop,1990,Blu-ray,https://image.tmdb.org/t/p/w200/nKnHWwkXyvhzCYWm3FyRAv3qBrl.jpg,owned
,The King's Speech,2010,Blu-ray,https://image.tmdb.org/t/p/w200/pVNKXVQFukBaCz6ML7GH3kiPlQP.jpg,owned
,Kingsman: The Golden Circle,2017,Blu-ray,https://image.tmdb.org/t/p/w200/34xBL6BXNYFqtHO9zhcgoakS4aP.jpg,owned
,Kingsman: The Secret Service,2015,Blu-ray,https://image.tmdb.org/t/p/w200/r6q9wZK5a2K51KFj4LWVID6Ja1r.jpg,owned
,Knowing,2009,Blu-ray,https://image.tmdb.org/t/p/w200/OG0mxQt4YaNIWiz8EKJSHe9lPh.jpg,owned
,The Lady in the Van,2015,Blu-ray,https://image.tmdb.org/t/p/w200/sqz4CGInI1bysFH674HYWtQSmYn.jpg,owned
,The Last Exorcism,2010,Blu-ray,https://image.tmdb.org/t/p/w200/eOo9tgGjxdsQEgqc6g7E1NL8460.jpg,owned
,Last Knights,2015,Blu-ray,https://image.tmdb.org/t/p/w200/kDDwAQHkqPy8RYQc38lFTuRw8Ro.jpg,owned
,Last Night in Soho,2021,Blu-ray,https://image.tmdb.org/t/p/w200/n1ZRmjlk1BJTY7aASqACfPAaLn2.jpg,owned
,The Jungle Book,2016,Blu-ray,https://image.tmdb.org/t/p/w200/2Epx7F9X7DrFptn4seqn4mzBVks.jpg,owned
,The Jungle Book,1967,Blu-ray,https://image.tmdb.org/t/p/w200/9BgcTVV43dZ8A1TpuXWkuNTXtfI.jpg,owned
,The Last Stand,2013,Blu-ray,https://image.tmdb.org/t/p/w200/3tP4r47v8v6mEj5X5RuG9y8Frbh.jpg,owned
,Lawless,2012,Blu-ray,https://image.tmdb.org/t/p/w200/Ahtzwts22ayviD3LEVslfL4nRWB.jpg,owned
,Lawrence of Arabia,1962,Blu-ray,https://image.tmdb.org/t/p/w200/AiAm0EtDvyGqNpVoieRw4u65vD1.jpg,owned
,Layer Cake,2004,Blu-ray,https://image.tmdb.org/t/p/w200/rDOxXteqxALBaSa3V3zTjGJuyWB.jpg,owned
,Legend,2015,Blu-ray,https://image.tmdb.org/t/p/w200/4shf5Alq4KWCKqrAAQe0JGJHYp5.jpg,owned
,The Lego Batman Movie,2017,Blu-ray,https://image.tmdb.org/t/p/w200/snGwr2gag4Fcgx2OGmH9otl6ofW.jpg,owned
,LEGO Batman: The Movie - DC Super Heroes Unite,2013,Blu-ray,https://image.tmdb.org/t/p/w200/dY8lQeVN7wq6UAg3bLffVugK3p9.jpg,owned
,The Lego Movie,2014,Blu-ray,https://image.tmdb.org/t/p/w200/lbctonEnewCYZ4FYoTZhs8cidAl.jpg,owned
,Leningrad,2009,Blu-ray,https://image.tmdb.org/t/p/w200/8dofjiUPkEiGY7iFVPv6LSAAwII.jpg,owned
,Les Misérables,2012,Blu-ray,https://image.tmdb.org/t/p/w200/6CuzBs2Lb8At7qQr64mLXg2RYRb.jpg,owned
,Lethal Weapon,1987,Blu-ray,https://image.tmdb.org/t/p/w200/6gt44oqb4nE8vflPElffeGwsHVl.jpg,owned
,Lethal Weapon 2,1989,Blu-ray,https://image.tmdb.org/t/p/w200/ZsUGxTnZ4TzTrHSAfUPJcliL1K.jpg,owned
,Lethal Weapon 3,1992,Blu-ray,https://image.tmdb.org/t/p/w200/smzJxEnusgqv3bvHIWwf4cuwPcr.jpg,owned
,Lethal Weapon 4,1998,Blu-ray,https://image.tmdb.org/t/p/w200/vl4n3uO602y8nDsqjE4RIMnSy8Q.jpg,owned
,Licence to Kill,1989,Blu-ray,https://image.tmdb.org/t/p/w200/8nzJve63EXA79HGAyidZwivZrQ2.jpg,owned
,Life of Brian,1979,Blu-ray,https://image.tmdb.org/t/p/w200/lSSA64WF0M0BXnjwr2quMh6shCl.jpg,owned
,Life of Pi,2012,Blu-ray,https://image.tmdb.org/t/p/w200/iLgRu4hhSr6V1uManX6ukDriiSc.jpg,owned
,Limitless,2011,Blu-ray,https://image.tmdb.org/t/p/w200/kCokPP4WCQRrrAuZ7FcpIyHr8b2.jpg,owned
,Lincoln,2012,Blu-ray,https://image.tmdb.org/t/p/w200/5KeUqW6DpVtf8G9VMuI2l0XIPCo.jpg,owned
,The Lincoln Lawyer,2011,Blu-ray,https://image.tmdb.org/t/p/w200/gOn8Ve9Yi8fxjRkmLr5BZoOc7KV.jpg,owned
,The Lion King,1994,Blu-ray,https://image.tmdb.org/t/p/w200/sKCr78MXSLixwmZ8DyJLrpMsd15.jpg,owned
,The Lion King,2019,Blu-ray,https://image.tmdb.org/t/p/w200/dzBtMocZuJbjLOXvrl4zGYigDzh.jpg,owned
,The Lion King 1½,2004,Blu-ray,https://image.tmdb.org/t/p/w200/sVJME5R1NmTXtbdnAxYPx7Xa7kr.jpg,owned
,The Lion King II: Simba's Pride,1998,Blu-ray,https://image.tmdb.org/t/p/w200/sWR1x6UCMCGN9xEf8RGhPS934X0.jpg,owned
,Live and Let Die,1973,Blu-ray,https://image.tmdb.org/t/p/w200/39qkrjqMZs6utwNmihVImC3ghas.jpg,owned
,Live Free or Die Hard,2007,Blu-ray,https://image.tmdb.org/t/p/w200/31TT47YjBl7a7uvJ3ff1nrirXhP.jpg,owned
,The Living Daylights,1987,Blu-ray,https://image.tmdb.org/t/p/w200/1oRlmWX9hewpn2B44wawBjHd7dx.jpg,owned
,Logan,2017,Blu-ray,https://image.tmdb.org/t/p/w200/fnbjcRDYn6YviCcePDnGdyAkYsB.jpg,owned
,London Has Fallen,2016,Blu-ray,https://image.tmdb.org/t/p/w200/iEbLkYzyiUdOKNK4WNBFyGH7r2Y.jpg,owned
,Looper,2012,Blu-ray,https://image.tmdb.org/t/p/w200/sNjL6SqErDBE8OUZlrDLkexfsCj.jpg,owned
,The Lord of the Rings: The Fellowship of the Ring,2001,Blu-ray,https://image.tmdb.org/t/p/w200/6oom5QYQ2yQTMJIbnvbkBL9cHo6.jpg,owned
,The Lord of the Rings: The Return of the King,2003,Blu-ray,https://image.tmdb.org/t/p/w200/rCzpDGLbOoPwLjy3OAm5NUPOTrC.jpg,owned
,The Lord of the Rings: The Two Towers,2002,Blu-ray,https://image.tmdb.org/t/p/w200/5VTN0pR8gcqV3EPUHHfMGnJYN9L.jpg,owned
,The Lost City,2022,Blu-ray,https://image.tmdb.org/t/p/w200/rnheO8cFvCYcmZsDrBoabJbKLFE.jpg,owned
,Love Actually,2003,Blu-ray,https://image.tmdb.org/t/p/w200/7QPeVsr9rcFU9Gl90yg0gTOTpVv.jpg,owned
,Lucy,2014,Blu-ray,https://image.tmdb.org/t/p/w200/dhjyfcwEoW6jJ4Q7DpZTp6E58GA.jpg,owned
,Madagascar,2005,Blu-ray,https://image.tmdb.org/t/p/w200/zMpJY5CJKUufG9OTw0In4eAFqPX.jpg,owned
,Madagascar: Escape 2 Africa,2008,Blu-ray,https://image.tmdb.org/t/p/w200/agRbLOHgN46TQO4YdKR462iR7To.jpg,owned
,Madagascar 3: Europe's Most Wanted,2012,Blu-ray,https://image.tmdb.org/t/p/w200/ekraj4ksvIKeuvQVEevEJkuybZd.jpg,owned
,Madame Web,2024,Blu-ray,https://image.tmdb.org/t/p/w200/rULWuutDcN5NvtiZi4FRPzRYWSh.jpg,owned
,Maleficent,2014,Blu-ray,https://image.tmdb.org/t/p/w200/bDG3yei6AJlEAK3A5wN7RwFXQ7V.jpg,owned
,Maleficent: Mistress of Evil,2019,Blu-ray,https://image.tmdb.org/t/p/w200/vloNTScJ3w7jwNwtNGoG8DbTThv.jpg,owned
,Mamma Mia!,2008,Blu-ray,https://image.tmdb.org/t/p/w200/zdUA4FNHbXPadzVOJiU0Rgn6cHR.jpg,owned
,Mamma Mia! Here We Go Again,2018,Blu-ray,https://image.tmdb.org/t/p/w200/aWicerX4Y7n7tUwRAVHsVcBBpj2.jpg,owned
,The Man from U.N.C.L.E.,2015,Blu-ray,https://image.tmdb.org/t/p/w200/y5yZaForGSJbPD66Cvq9AT5WMAD.jpg,owned
,Man of Steel,2013,Blu-ray,https://image.tmdb.org/t/p/w200/dksTL9NXc3GqPBRHYHcy1aIwjS.jpg,owned
,Man on Fire,2004,Blu-ray,https://image.tmdb.org/t/p/w200/grCGLCcTHv9TChibzOwzUpykcjB.jpg,owned
,The Man Who Shot Liberty Valance,1962,Blu-ray,https://image.tmdb.org/t/p/w200/4C1R0LEivLjbv3swAzJfzh0tzXl.jpg,owned
,The Man with the Golden Gun,1974,Blu-ray,https://image.tmdb.org/t/p/w200/xVkbKwGnBVNQ122GN5bCTMyPbWz.jpg,owned
,Marley & Me,2008,Blu-ray,https://image.tmdb.org/t/p/w200/pnB6hjTKylb0Ve2nUWt16gzkErr.jpg,owned
,The Martian,2015,Blu-ray,https://image.tmdb.org/t/p/w200/3ndAx3weG6KDkJIRMCi5vXX6Dyb.jpg,owned
,The Marvels,2023,Blu-ray,https://image.tmdb.org/t/p/w200/9GBhzXMFjgcZ3FdR9w3bUMMTps5.jpg,owned
,Mary Poppins,1964,Blu-ray,https://image.tmdb.org/t/p/w200/pHyWpWn2pRIfhS3Arcn4SKtKKW4.jpg,owned
,Mary Poppins Returns,2018,Blu-ray,https://image.tmdb.org/t/p/w200/uTVGku4LibMGyKgQvjBtv3OYfAX.jpg,owned
,The Mechanic,2011,Blu-ray,https://image.tmdb.org/t/p/w200/i8IcT4oBKL793qyo91P1RnhroiQ.jpg,owned
,The Meg,2018,Blu-ray,https://image.tmdb.org/t/p/w200/eyWICPcxOuTcDDDbTMOZawoOn8d.jpg,owned
,Men in Black,1997,Blu-ray,https://image.tmdb.org/t/p/w200/uLOmOF5IzWoyrgIF5MfUnh5pa1X.jpg,owned
,Men in Black II,2002,Blu-ray,https://image.tmdb.org/t/p/w200/enA22EPyzc2WQ1VVyY7zxresQQr.jpg,owned
,Men in Black 3,2012,Blu-ray,https://image.tmdb.org/t/p/w200/90DdoEStzeObs96fsYf4GG544iN.jpg,owned
,Men in Black: International,2019,Blu-ray,https://image.tmdb.org/t/p/w200/dPrUPFcgLfNbmDL8V69vcrTyEfb.jpg,owned
,The Messengers,2007,Blu-ray,https://image.tmdb.org/t/p/w200/ituR560dbnV4WAFPY0jJlEenGiW.jpg,owned
,A Minecraft Movie,2025,Blu-ray,https://image.tmdb.org/t/p/w200/yFHHfHcUgGAxziP1C3lLt0q2T4s.jpg,owned
,Minions,2015,Blu-ray,https://image.tmdb.org/t/p/w200/dr02BdCNAUPVU07aOodwPYv6HCf.jpg,owned
,Minions: The Rise of Gru,2022,Blu-ray,https://image.tmdb.org/t/p/w200/wKiOkZTN9lUUUNZLmtnwubZYONg.jpg,owned
,Miracle on 34th Street,1994,Blu-ray,https://image.tmdb.org/t/p/w200/iUTPKkljdEjPlcPPYgbUz7APnHu.jpg,owned
,Moana,2016,Blu-ray,https://image.tmdb.org/t/p/w200/9tzN8sPbyod2dsa0lwuvrwBDWra.jpg,owned
,Moneyball,2011,Blu-ray,https://image.tmdb.org/t/p/w200/4yIQq1e6iOcaZ5rLDG3lZBP3j7a.jpg,owned
,Monster House,2006,Blu-ray,https://image.tmdb.org/t/p/w200/zCRPr4bkO3ae0U1134vJ39xZnAG.jpg,owned
,"Monsters, Inc.",2001,Blu-ray,https://image.tmdb.org/t/p/w200/wFSpyMsp7H0ttERbxY7Trlv8xry.jpg,owned
,Monsters University,2013,Blu-ray,https://image.tmdb.org/t/p/w200/y7thwJ7z5Bplv6vwl6RI0yteaDD.jpg,owned
,The Monuments Men,2014,Blu-ray,https://image.tmdb.org/t/p/w200/wiWAg4mKV2S4vImPxsPRIdj2R2B.jpg,owned
,Moonraker,1979,Blu-ray,https://image.tmdb.org/t/p/w200/6LrJdXNmu5uHOVALZxVYd44Lva0.jpg,owned
,Morbius,2022,Blu-ray,https://image.tmdb.org/t/p/w200/6JjfSchsU6daXk2AKX8EEBjO3Fm.jpg,owned
,Movie 43,2013,Blu-ray,https://image.tmdb.org/t/p/w200/uYa06GxHsCsELx9vOQ11vsT0Aa6.jpg,owned
,Mr. Popper's Penguins,2011,Blu-ray,https://image.tmdb.org/t/p/w200/jGwZ1QI5DaL7mHQ2ZsMV1p8xvPS.jpg,owned
,Mrs. Brown's Boys D'Movie,2014,Blu-ray,https://image.tmdb.org/t/p/w200/xRCgK4l2LUclQYDkjdSmwinwkK5.jpg,owned
,Mulan,2020,Blu-ray,https://image.tmdb.org/t/p/w200/aKx1ARwG55zZ0GpRvU2WrGrCG9o.jpg,owned
,My Cousin Vinny,1992,Blu-ray,https://image.tmdb.org/t/p/w200/iwSURa8nS2ujwrU3s1lfxxX7voH.jpg,owned
,My Sister's Keeper,2009,Blu-ray,https://image.tmdb.org/t/p/w200/atRGqnG7pe0hZP97RWDLrT2hRGZ.jpg,owned
,National Lampoon's Christmas Vacation,1989,Blu-ray,https://image.tmdb.org/t/p/w200/oat42hUw8XzKYUmfy0YLAxYd484.jpg,owned
,Need for Speed,2014,Blu-ray,https://image.tmdb.org/t/p/w200/45D153Bk0bNwonV1w5IBBvqssPV.jpg,owned
,Neighbors,2014,Blu-ray,https://image.tmdb.org/t/p/w200/sN1RU08CMi8xkRIibremh3AOdgw.jpg,owned
,Neighbors 2: Sorority Rising,2016,Blu-ray,https://image.tmdb.org/t/p/w200/eyjcLLwxuRXACbglIbwWwaXK9DN.jpg,owned
,The New Mutants,2020,Blu-ray,https://image.tmdb.org/t/p/w200/xiDGcXJTvu1lazFRYip6g1eLt9c.jpg,owned
,Night at the Museum: Battle of the Smithsonian,2009,Blu-ray,https://image.tmdb.org/t/p/w200/l9yAQn6TyrA3gv5xZZkiMMoZsiw.jpg,owned
,Night at the Museum: Secret of the Tomb,2014,Blu-ray,https://image.tmdb.org/t/p/w200/xwgy305K6qDs3D20xUO4OZu1HPY.jpg,owned
,The Night Before,2015,Blu-ray,https://image.tmdb.org/t/p/w200/rfeNBaiMBg0UQsBQFv1qsjTjZWn.jpg,owned
,No Country for Old Men,2007,Blu-ray,https://image.tmdb.org/t/p/w200/6d5XOczc226jECq0LIX0siKtgHR.jpg,owned
,No Time to Die,2021,Blu-ray,https://image.tmdb.org/t/p/w200/iUgygt3fscRoKWCV1d0C7FbM9TP.jpg,owned
,Now You See Me,2013,Blu-ray,https://image.tmdb.org/t/p/w200/tWsNYbrqy1p1w6K9zRk0mSchztT.jpg,owned
,Octopussy,1983,Blu-ray,https://image.tmdb.org/t/p/w200/yoosZitM9igSk3Sd0sBXIhKlAh1.jpg,owned
,Olympus Has Fallen,2013,Blu-ray,https://image.tmdb.org/t/p/w200/u3GTFGwesNBNd0t1hiLaEk1iqZU.jpg,owned
,On Her Majesty's Secret Service,1969,Blu-ray,https://image.tmdb.org/t/p/w200/m3KfbxvqaiAvRJ6MpguA3GuLdDQ.jpg,owned
,One Chance,2013,Blu-ray,https://image.tmdb.org/t/p/w200/vAjAcDsbtslnmRGmdxFpumq6onO.jpg,owned
,Outlander,2008,Blu-ray,https://image.tmdb.org/t/p/w200/nCZzrFonDkWfYkfxzsPByBY4Lvk.jpg,owned
,Pacific Rim,2013,Blu-ray,https://image.tmdb.org/t/p/w200/8wo4eN8dWKaKlxhSvBz19uvj8gA.jpg,owned
,Paddington,2014,Blu-ray,https://image.tmdb.org/t/p/w200/wpchRGhRhvhtU083PfX2yixXtiw.jpg,owned
,Paddington 2,2017,Blu-ray,https://image.tmdb.org/t/p/w200/1OJ9vkD5xPt3skC6KguyXAgagRZ.jpg,owned
,Paddington in Peru,2024,Blu-ray,https://image.tmdb.org/t/p/w200/1ffZAucqfvQu36x1C49XfOdjuOG.jpg,owned
,Pain & Gain,2013,Blu-ray,https://image.tmdb.org/t/p/w200/9WqA0Ry9wmTzFvom8mNbcyKZQgP.jpg,owned
,Paranoia,2013,Blu-ray,https://image.tmdb.org/t/p/w200/isbiljuGztxLlcOvrSw5FkQDGEd.jpg,owned
,Paranormal Activity 2,2010,Blu-ray,https://image.tmdb.org/t/p/w200/gfdrkBZAyUUXJJ2iLQe03SAYRD3.jpg,owned
,Paranormal Activity 3,2011,Blu-ray,https://image.tmdb.org/t/p/w200/9nYranPiWdNmbD5PRPPSL7VUFTS.jpg,owned
,Paranormal Activity 4,2012,Blu-ray,https://image.tmdb.org/t/p/w200/na5tAslm1kGNcft083AIXMTOsYR.jpg,owned
,Passengers,2016,Blu-ray,https://image.tmdb.org/t/p/w200/jK9S6HANSf2no64v1x1HxfcpmcA.jpg,owned
,Paul,2011,Blu-ray,https://image.tmdb.org/t/p/w200/bX8TP2qRWh2OcmeUHGn1ENDkCu6.jpg,owned
,Paul Blart: Mall Cop,2009,Blu-ray,https://image.tmdb.org/t/p/w200/A4zZv0Q1VKURFZFEl2vwjaE2q0g.jpg,owned
,Perfect Stranger,2007,Blu-ray,https://image.tmdb.org/t/p/w200/i7D5QqQ0q5EXU1UuZVY9KwIxoYR.jpg,owned
,Philomena,2013,Blu-ray,https://image.tmdb.org/t/p/w200/eBUv2GmGdXmCk1AaSOmyiu70hN8.jpg,owned
,Pirates of the Caribbean: At World's End,2007,Blu-ray,https://image.tmdb.org/t/p/w200/jGWpG4YhpQwVmjyHEGkxEkeRf0S.jpg,owned
,Pirates of the Caribbean: Dead Man's Chest,2006,Blu-ray,https://image.tmdb.org/t/p/w200/uXEqmloGyP7UXAiphJUu2v2pcuE.jpg,owned
,Pirates of the Caribbean: Dead Men Tell No Tales,2017,Blu-ray,https://image.tmdb.org/t/p/w200/qwoGfcg6YUS55nUweKGujHE54Wy.jpg,owned
,Pirates of the Caribbean: The Curse of the Black Pearl,2003,Blu-ray,https://image.tmdb.org/t/p/w200/poHwCZeWzJCShH7tOjg8RIoyjcw.jpg,owned
,Pixels,2015,Blu-ray,https://image.tmdb.org/t/p/w200/d26S5EfVXLNxRXqyFy1yyl3qRq3.jpg,owned
,Point Blank,2010,Blu-ray,https://image.tmdb.org/t/p/w200/tt2UlArx3joZWBYctJehCGmHGZZ.jpg,owned
,Police Academy,1984,Blu-ray,https://image.tmdb.org/t/p/w200/qxUkWoFI7rF1KUgTgbE3UJEQuvG.jpg,owned
,Police Academy 2: Their First Assignment,1985,Blu-ray,https://image.tmdb.org/t/p/w200/cIyvBInW2aGms0zyV9Pgwp9UPJ4.jpg,owned
,Police Academy 3: Back in Training,1986,Blu-ray,https://image.tmdb.org/t/p/w200/pBxGgWSR0CMaCVMA2kQS5MWU1z3.jpg,owned
,Police Academy 4: Citizens on Patrol,1987,Blu-ray,https://image.tmdb.org/t/p/w200/vvk5aWBJE3EqDX2ln6M4J4UiUXr.jpg,owned
,Police Academy 5: Assignment Miami Beach,1988,Blu-ray,https://image.tmdb.org/t/p/w200/4m1qfTiVxdEDv0fgUf0FI7CA9Fe.jpg,owned
,Police Academy 6: City Under Siege,1989,Blu-ray,https://image.tmdb.org/t/p/w200/g8CRCKNAsvUoQWqcXmctuIt1Nsw.jpg,owned
,Police Academy: Mission to Moscow,1994,Blu-ray,https://image.tmdb.org/t/p/w200/3517XQ9LpoEykyYq2TuDNS45MPP.jpg,owned
,Poltergeist,1982,Blu-ray,https://image.tmdb.org/t/p/w200/m5AKo8iZAYulI87Uzxkn87vRY07.jpg,owned
,Pompeii,2014,Blu-ray,https://image.tmdb.org/t/p/w200/dxxM3lLDjGRC50i5rhvfQziskAN.jpg,owned
,Predestination,2014,Blu-ray,https://image.tmdb.org/t/p/w200/38Xr1JnV1ZcLQ55zmdSp6n475cZ.jpg,owned
,Priest,2011,Blu-ray,https://image.tmdb.org/t/p/w200/fYHiA7LPGl9DG7m3DUs0Td1VMcO.jpg,owned
,The Prince,2014,Blu-ray,https://image.tmdb.org/t/p/w200/22b2fmxhZveWSyWkgUz2y94fp3w.jpg,owned
,Prince of Persia: The Sands of Time,2010,Blu-ray,https://image.tmdb.org/t/p/w200/r9nw8LMdewMvRdNkEy0GH8yQ4n0.jpg,owned
,The Princess and the Frog,2009,Blu-ray,https://image.tmdb.org/t/p/w200/v6nAUs62OJ4DXmnnmPFeVmMz8H9.jpg,owned
,Public Enemies,2009,Blu-ray,https://image.tmdb.org/t/p/w200/3KgtekisQBrHRsm2cD5UOB6Ce3k.jpg,owned
,Pulp Fiction,1994,Blu-ray,https://image.tmdb.org/t/p/w200/vQWk5YBFWF4bZaofAbv0tShwBvQ.jpg,owned
,The Purge,2013,Blu-ray,https://image.tmdb.org/t/p/w200/46X1ei9uf13nkkr0OhWldGyr5Uh.jpg,owned
,The Purge: Anarchy,2014,Blu-ray,https://image.tmdb.org/t/p/w200/qwqHHZLZSUvMkAMQ47ymtfjEifY.jpg,owned
,Puss in Boots,2011,Blu-ray,https://image.tmdb.org/t/p/w200/n4UkIqNYSTr4DPoHCVfLrL8mbre.jpg,owned
,Quantum of Solace,2008,Blu-ray,https://image.tmdb.org/t/p/w200/e3DXXLJHGqMx9yYpXsql1XNljmM.jpg,owned
,Raiders of the Lost Ark,1981,Blu-ray,https://image.tmdb.org/t/p/w200/ceG9VzoRAVGwivFU403Wc3AHRys.jpg,owned
,Rampart,2011,Blu-ray,https://image.tmdb.org/t/p/w200/wUlYwDmkytszsDvyIPn66pdqgZe.jpg,owned
,Ratatouille,2007,Blu-ray,https://image.tmdb.org/t/p/w200/t3vaWRPSf6WjDSamIkKDs1iQWna.jpg,owned
,Ray,2004,Blu-ray,https://image.tmdb.org/t/p/w200/tSPC7sO2XYNL9QcMmK88tuUALL5.jpg,owned
,RED,2010,Blu-ray,https://image.tmdb.org/t/p/w200/8eeK3OB5PeSRQD7BpZcGZKkehG.jpg,owned
,RED 2,2013,Blu-ray,https://image.tmdb.org/t/p/w200/tbksijr6g340yFWRgI4JfwrtM9h.jpg,owned
,Remember Me,2010,Blu-ray,https://image.tmdb.org/t/p/w200/j7umuMiLCHvWT7wYhFKJOTFSokF.jpg,owned
,Resident Evil,2002,Blu-ray,https://image.tmdb.org/t/p/w200/1UKNef590A0ZaMnxsscIcWuK1Em.jpg,owned
,Resident Evil: Afterlife,2010,Blu-ray,https://image.tmdb.org/t/p/w200/nYPc4sJdCZLY7YFYUmqXXYt3luH.jpg,owned
,Resident Evil: Apocalypse,2004,Blu-ray,https://image.tmdb.org/t/p/w200/way9dOm4dM2sm9UMcu2PEXMTX0q.jpg,owned
,Resident Evil: Extinction,2007,Blu-ray,https://image.tmdb.org/t/p/w200/6yaLr7Ymg5cvbtSVi5hHwBKx35I.jpg,owned
,Return of the Jedi,1983,Blu-ray,https://image.tmdb.org/t/p/w200/jQYlydvHm3kUix1f8prMucrplhm.jpg,owned
,The Revenant,2015,Blu-ray,https://image.tmdb.org/t/p/w200/ji3ecJphATlVgWNY0B0RVXZizdf.jpg,owned
,Ride Along,2014,Blu-ray,https://image.tmdb.org/t/p/w200/qrt65VVaP5DEEBZgB5XYctA82Qv.jpg,owned
,Ride Along 2,2016,Blu-ray,https://image.tmdb.org/t/p/w200/qKvVUHdiwqkXdlRsW4fHO7SAZef.jpg,owned
,Rio,2011,Blu-ray,https://image.tmdb.org/t/p/w200/4nJxhUknKV8Gqdhov8pU1YWDYfb.jpg,owned
,Rio 2,2014,Blu-ray,https://image.tmdb.org/t/p/w200/gVNTBrjxh2YRmQFjlaqrNbHVvrd.jpg,owned
,The Rise of the Krays,2015,Blu-ray,https://image.tmdb.org/t/p/w200/jE7YKqaqibtf1DeNXXPKrjNV7js.jpg,owned
,Rise of the Planet of the Apes,2011,Blu-ray,https://image.tmdb.org/t/p/w200/oqA45qMyyo1TtrnVEBKxqmTPhbN.jpg,owned
,Roald Dahl's The Witches,2020,Blu-ray,https://image.tmdb.org/t/p/w200/ht6EfsM5hrsUPSR4ReJQFDVU71F.jpg,owned
,Robin Hood,2010,Blu-ray,https://image.tmdb.org/t/p/w200/9NS5QGOfck24yL3bZqWeW06PgPC.jpg,owned
,Robin Hood,2018,Blu-ray,https://image.tmdb.org/t/p/w200/AiRfixFcfTkNbn2A73qVJPlpkUo.jpg,owned
,Robin Hood: Prince of Thieves,1991,Blu-ray,https://image.tmdb.org/t/p/w200/hbRnWUNJkKKVN5mkcuC5ooqjE4e.jpg,owned
,RoboCop,2014,Blu-ray,https://image.tmdb.org/t/p/w200/gM5ql3BKYmHG3WtZ0buKXN7xY8O.jpg,owned
,Rocketman,2019,Blu-ray,https://image.tmdb.org/t/p/w200/f4FF18ia7yTvHf2izNrHqBmgH8U.jpg,owned
,Rocky,1976,Blu-ray,https://image.tmdb.org/t/p/w200/hEjK9A9BkNXejFW4tfacVAEHtkn.jpg,owned
,Rocky Balboa,2006,Blu-ray,https://image.tmdb.org/t/p/w200/byBlJvZwCqgtIwrZNv0pyE974jC.jpg,owned
,Rocky II,1979,Blu-ray,https://image.tmdb.org/t/p/w200/nMaiiu0CzT77U4JZkUYV7KqdAjK.jpg,owned
,Rocky III,1982,Blu-ray,https://image.tmdb.org/t/p/w200/9jS3wG3cNSEu8sVUFAFQ8exyaaH.jpg,owned
,Rocky IV,1985,Blu-ray,https://image.tmdb.org/t/p/w200/2MHUit4H6OK5adcOjnCN6suCKOl.jpg,owned
,Rocky V,1990,Blu-ray,https://image.tmdb.org/t/p/w200/tevHaVxtrMTaUi8f3YjLWYSSY8A.jpg,owned
,Role Models,2008,Blu-ray,https://image.tmdb.org/t/p/w200/d5SatGKWi0VpO9QX0Z74zLh9i91.jpg,owned
,Run All Night,2015,Blu-ray,https://image.tmdb.org/t/p/w200/iGvSMoPbWZWDnIhh54yiq3sW7wH.jpg,owned
,Rush,2013,Blu-ray,https://image.tmdb.org/t/p/w200/95BDrWmcfJDEa2WCfjmLgi67jhi.jpg,owned
,Safe House,2012,Blu-ray,https://image.tmdb.org/t/p/w200/7CBhSjQa07LYt0RGejYjWugGmdV.jpg,owned
,Salt,2010,Blu-ray,https://image.tmdb.org/t/p/w200/kqeIJG7VjwkcTR26QHg8D01x8yI.jpg,owned
,Saving Mr. Banks,2013,Blu-ray,https://image.tmdb.org/t/p/w200/4RkcUe5PKnYvrCwMjk8giUAoID7.jpg,owned
,Saving Private Ryan,1998,Blu-ray,https://image.tmdb.org/t/p/w200/uqx37cS8cpHg8U35f9U5IBlrCV3.jpg,owned
,Scary Movie,2000,Blu-ray,https://image.tmdb.org/t/p/w200/fVQFPRuw3yWXojYDJvA5EoFjUOY.jpg,owned
,Scary Movie 2,2001,Blu-ray,https://image.tmdb.org/t/p/w200/7Eb1JWK0Cb0rbfsYjwfc9g0PbQH.jpg,owned
,Scary Movie 3,2003,Blu-ray,https://image.tmdb.org/t/p/w200/lpNG1nx67rvYze1b1R9q0YoSzrC.jpg,owned
,Scary Movie 4,2006,Blu-ray,https://image.tmdb.org/t/p/w200/sEqFdw1wLtY94RKCSPolsHWzn6r.jpg,owned
,Scary Movie 5,2013,Blu-ray,https://image.tmdb.org/t/p/w200/9WNozxN2UVf7rA73FJBWdWJZhfP.jpg,owned
,Se7en,1995,Blu-ray,https://image.tmdb.org/t/p/w200/191nKfP0ehp3uIvWqgPbFmI4lv9.jpg,owned
,The Searchers,1956,Blu-ray,https://image.tmdb.org/t/p/w200/jLBmgW0epNzJ1N9uzaVCjbyT94v.jpg,owned
,The Second Best Exotic Marigold Hotel,2015,Blu-ray,https://image.tmdb.org/t/p/w200/j4PARl3gDpv2K45YAv0tgocLW5K.jpg,owned
,The Secret Life of Pets,2016,Blu-ray,https://image.tmdb.org/t/p/w200/bc3rCMgP4bbxNqGQCRlpJyU8otF.jpg,owned
,Seed of Chucky,2004,Blu-ray,https://image.tmdb.org/t/p/w200/vd9K93gQ9whMKjXzADZanxWpIXM.jpg,owned
,Seeking Justice,2011,Blu-ray,https://image.tmdb.org/t/p/w200/lN3O0j1DKVnwhO1h5J3utrmrBF2.jpg,owned
,Senna,2010,Blu-ray,https://image.tmdb.org/t/p/w200/nZbLCbRoP6iJq5sr8daHQzjnzFh.jpg,owned
,The Shallows,2016,Blu-ray,https://image.tmdb.org/t/p/w200/bnBV7hZmLuA0Si5Aop481sPF2RY.jpg,owned
,Shang-Chi and the Legend of the Ten Rings,2021,Blu-ray,https://image.tmdb.org/t/p/w200/d08HqqeBQSwN8i8MEvpsZ8Cb438.jpg,owned
,Shaun of the Dead,2004,Blu-ray,https://image.tmdb.org/t/p/w200/dgXPhzNJH8HFTBjXPB177yNx6RI.jpg,owned
,Shazam!,2019,Blu-ray,https://image.tmdb.org/t/p/w200/xnopI5Xtky18MPhK40cZAGAOVeV.jpg,owned
,Shazam! Fury of the Gods,2023,Blu-ray,https://image.tmdb.org/t/p/w200/A3ZbZsmsvNGdprRi2lKgGEeVLEH.jpg,owned
,Sherlock Holmes,2009,Blu-ray,https://image.tmdb.org/t/p/w200/zz0vClg5NdYbhpqaEGyJENrGVSw.jpg,owned
,Sherlock Holmes: A Game of Shadows,2011,Blu-ray,https://image.tmdb.org/t/p/w200/vskIKrMNUAhns05dx8WYBQfcJEs.jpg,owned
,Shrek,2001,Blu-ray,https://image.tmdb.org/t/p/w200/iB64vpL3dIObOtMZgX3RqdVdQDc.jpg,owned
,Shrek 2,2004,Blu-ray,https://image.tmdb.org/t/p/w200/2yYP0PQjG8zVqturh1BAqu2Tixl.jpg,owned
,Shrek the Third,2007,Blu-ray,https://image.tmdb.org/t/p/w200/n4SexGGQzI26E269tfpa80MZaGV.jpg,owned
,Shrek Forever After,2010,Blu-ray,https://image.tmdb.org/t/p/w200/6HrfPZtKcGmX2tUWW3cnciZTaSD.jpg,owned
,Silver Linings Playbook,2012,Blu-ray,https://image.tmdb.org/t/p/w200/y7iOVneBvITlBdhy6tVqXVOa1Js.jpg,owned
,Skyfall,2012,Blu-ray,https://image.tmdb.org/t/p/w200/d0IVecFQvsGdSbnMAHqiYsNYaJT.jpg,owned
,Skyline,2010,Blu-ray,https://image.tmdb.org/t/p/w200/7pdUFPw76zGwDKbNpXxJknh0YWB.jpg,owned
,Skyscraper,2018,Blu-ray,https://image.tmdb.org/t/p/w200/52ml62vClzrlqvXZq2FEW6UF6c1.jpg,owned
,Sleeping Beauty,1959,Blu-ray,https://image.tmdb.org/t/p/w200/n3pxoMDDxp10c1smgbDzW4bwlzq.jpg,owned
,Slumdog Millionaire,2008,Blu-ray,https://image.tmdb.org/t/p/w200/5leCCi7ZF0CawAfM5Qo2ECKPprc.jpg,owned
,The Smurfs,2011,Blu-ray,https://image.tmdb.org/t/p/w200/vRhnslP2gW0QDym7BsMeSuioUfK.jpg,owned
,The Smurfs 2,2013,Blu-ray,https://image.tmdb.org/t/p/w200/tmjvgbEH4BKYFfHmWXjXrHgi8wT.jpg,owned
,The Social Network,2010,Blu-ray,https://image.tmdb.org/t/p/w200/n0ybibhJtQ5icDqTp8eRytcIHJx.jpg,owned
,Southpaw,2015,Blu-ray,https://image.tmdb.org/t/p/w200/kSQ49Fi3NVTqGGXILmxV2T2pdkG.jpg,owned
,Spectre,2015,Blu-ray,https://image.tmdb.org/t/p/w200/zj8ongFhtWNsVlfjOGo8pSr7PQg.jpg,owned
,Spider-Man,2002,Blu-ray,https://image.tmdb.org/t/p/w200/gh4cZbhZxyTbgxQPxD0dOudNPTn.jpg,owned
,Spider-Man 2,2004,Blu-ray,https://image.tmdb.org/t/p/w200/aGuvNAaaZuWXYQQ6N2v7DeuP6mB.jpg,owned
,Spider-Man 3,2007,Blu-ray,https://image.tmdb.org/t/p/w200/qFmwhVUoUSXjkKRmca5yGDEXBIj.jpg,owned
,Spider-Man: Far From Home,2019,Blu-ray,https://image.tmdb.org/t/p/w200/4q2NNj4S5dG2RLF9CpXsej7yXl.jpg,owned
,Spider-Man: Homecoming,2017,Blu-ray,https://image.tmdb.org/t/p/w200/c24sv2weTHPsmDa7jEMN0m2P3RT.jpg,owned
,Spider-Man: No Way Home,2021,Blu-ray,https://image.tmdb.org/t/p/w200/1g0dhYtq4irTY1GPXvft6k4YLjm.jpg,owned
,Spider-Man: Into the Spider-Verse,2018,Blu-ray,https://image.tmdb.org/t/p/w200/iiZZdoQBEYBv6id8su7ImL0oCbD.jpg,owned
,The Spy Next Door,2010,Blu-ray,https://image.tmdb.org/t/p/w200/nJJrceb2xHGIA0irADX0JvWSIHT.jpg,owned
,The Spy Who Loved Me,1977,Blu-ray,https://image.tmdb.org/t/p/w200/cOm2ULaB4luYEjxlI53tW6jWLyJ.jpg,owned
,Star Trek,2009,Blu-ray,https://image.tmdb.org/t/p/w200/hN2ZtF3Uw6mhIHZiqL0SKzELtKn.jpg,owned
,Star Trek Beyond,2016,Blu-ray,https://image.tmdb.org/t/p/w200/m7SHlvcGfCkbzk2xP7XHDOI6o93.jpg,owned
,Star Trek: First Contact,1996,Blu-ray,https://image.tmdb.org/t/p/w200/iqhHe893Vcf07jNkNQ31tu85dKG.jpg,owned
,Star Trek: Generations,1994,Blu-ray,https://image.tmdb.org/t/p/w200/gh0ZZRwSmlzEZTIZee3ZCN9Jssx.jpg,owned
,Star Trek II: The Wrath of Khan,1982,Blu-ray,https://image.tmdb.org/t/p/w200/uPyLsKl8Z0LOoxeaFXsY5MxhR5s.jpg,owned
,Star Trek III: The Search for Spock,1984,Blu-ray,https://image.tmdb.org/t/p/w200/yqEj0oPfKBMCz7YcCARHDgH7VFm.jpg,owned
,Star Trek: Insurrection,1998,Blu-ray,https://image.tmdb.org/t/p/w200/xQCMAHeg5M9HpDIqanYbWdr4brB.jpg,owned
,Star Trek Into Darkness,2013,Blu-ray,https://image.tmdb.org/t/p/w200/Aim3kVNh1MPIxPEFeJrl9e9Uf1a.jpg,owned
,Star Trek IV: The Voyage Home,1986,Blu-ray,https://image.tmdb.org/t/p/w200/xY5TzGXJOB3L9rhZ1MbbPyVlW5J.jpg,owned
,Star Trek: Nemesis,2002,Blu-ray,https://image.tmdb.org/t/p/w200/cldAwhvBmOv9jrd3bXWuqRHoXyq.jpg,owned
,Star Trek: The Motion Picture,1979,Blu-ray,https://image.tmdb.org/t/p/w200/wfiAfNwH6CMKxz4vRaW8CPTabtk.jpg,owned
,Star Trek V: The Final Frontier,1989,Blu-ray,https://image.tmdb.org/t/p/w200/uiXr41VLYsuug3CZbFrKLSNahuZ.jpg,owned
,Star Trek VI: The Undiscovered Country,1991,Blu-ray,https://image.tmdb.org/t/p/w200/tvTOJD7Gz668GLy2nNdLRQvpPsv.jpg,owned
,Star Wars,1977,Blu-ray,https://image.tmdb.org/t/p/w200/6FfCtAuVAW8XJjZ7eWeLibRLWTw.jpg,owned
,Star Wars: Episode I - The Phantom Menace,1999,Blu-ray,https://image.tmdb.org/t/p/w200/6wkfovpn7Eq8dYNKaG5PY3q2oq6.jpg,owned
,Star Wars: Episode II - Attack of the Clones,2002,Blu-ray,https://image.tmdb.org/t/p/w200/oZNPzxqM2s5DyVWab09NTQScDQt.jpg,owned
,Star Wars: Episode III - Revenge of the Sith,2005,Blu-ray,https://image.tmdb.org/t/p/w200/xfSAoBEm9MNBjmlNcDYLvLSMlnq.jpg,owned
,Star Wars: The Force Awakens,2015,Blu-ray,https://image.tmdb.org/t/p/w200/wqnLdwVXoBjKibFRR5U3y0aDUhs.jpg,owned
,Star Wars: The Last Jedi,2017,Blu-ray,https://image.tmdb.org/t/p/w200/ySaaKHOLAQU5HoZqWmzDIj1VvZ1.jpg,owned
,Star Wars: The Rise of Skywalker,2019,Blu-ray,https://image.tmdb.org/t/p/w200/db32LaOibwEliAmSL2jjDF6oDdj.jpg,owned
,Stealth,2005,Blu-ray,https://image.tmdb.org/t/p/w200/cVtQHyTwaDhYFVRFXSuDthC2bXH.jpg,owned
,Suicide Squad,2016,Blu-ray,https://image.tmdb.org/t/p/w200/sk3FZgh3sRrmr8vyhaitNobMcfh.jpg,owned
,Super,2010,Blu-ray,https://image.tmdb.org/t/p/w200/jZrRMGSajZQehg8mz74A5A00L3.jpg,owned
,Super 8,2011,Blu-ray,https://image.tmdb.org/t/p/w200/pUWIjaMMYJjeBm5bJyE3mIXdQ62.jpg,owned
,Supergirl,1984,Blu-ray,https://image.tmdb.org/t/p/w200/o49a2RDChZkry84LomEORCPDWfk.jpg,owned
,Superman,1978,Blu-ray,https://image.tmdb.org/t/p/w200/d7px1FQxW4tngdACVRsCSaZq0Xl.jpg,owned
,Superman,1978,Blu-ray,https://image.tmdb.org/t/p/w200/d7px1FQxW4tngdACVRsCSaZq0Xl.jpg,owned
,Superman II,1980,Blu-ray,https://image.tmdb.org/t/p/w200/3xk5cno9BHcnwc97XO9k21aI1Zi.jpg,owned
,Superman III,1983,Blu-ray,https://image.tmdb.org/t/p/w200/icE00hFNg86z3OrWyyRop7khwii.jpg,owned
,Superman IV: The Quest for Peace,1987,Blu-ray,https://image.tmdb.org/t/p/w200/vhs3P0JwqzlgfBqhjnCWDEOtDmS.jpg,owned
,Superman Returns,2006,Blu-ray,https://image.tmdb.org/t/p/w200/385XwTQZDpRX2d3kxtnpiLrjBXw.jpg,owned
,Taken,2008,Blu-ray,https://image.tmdb.org/t/p/w200/ognkaUSNgJe1a2pjB4UNdzEo5jT.jpg,owned
,Taken 2,2012,Blu-ray,https://image.tmdb.org/t/p/w200/yzAlcuJhpnxRPjaj7AHBRbNPQCJ.jpg,owned
,Taken 3,2014,Blu-ray,https://image.tmdb.org/t/p/w200/vzvMXMypMq7ieDofKThsxjHj9hn.jpg,owned
,The Taking of Pelham 1 2 3,2009,Blu-ray,https://image.tmdb.org/t/p/w200/rEnyQiBu6goqJfvQXpUZQjpoHVp.jpg,owned
,Talladega Nights: The Ballad of Ricky Bobby,2006,Blu-ray,https://image.tmdb.org/t/p/w200/3iCiTqsmJz1mO85AHzTiHNkRmb6.jpg,owned
,Tangled,2010,Blu-ray,https://image.tmdb.org/t/p/w200/ym7Kst6a4uodryxqbGOxmewF235.jpg,owned
,Ted,2012,Blu-ray,https://image.tmdb.org/t/p/w200/tZPTcdGTpxq4yJx1YxqBl0gthNz.jpg,owned
,Ted 2,2015,Blu-ray,https://image.tmdb.org/t/p/w200/38C91I7Xft0gyY7BITm8i4yvuRb.jpg,owned
,Tenet,2020,Blu-ray,https://image.tmdb.org/t/p/w200/aCIFMriQh8rvhxpN1IWGgvH0Tlg.jpg,owned
,Terminator 3: Rise of the Machines,2003,Blu-ray,https://image.tmdb.org/t/p/w200/vvevzdYIrk2636maNW4qeWmlPFG.jpg,owned
,The Theory of Everything,2014,Blu-ray,https://image.tmdb.org/t/p/w200/kJuL37NTE51zVP3eG5aGMyKAIlh.jpg,owned
,This Is England,2007,Blu-ray,https://image.tmdb.org/t/p/w200/bmhVn89BoAAIziFklH3TusE26H0.jpg,owned
,This Means War,2012,Blu-ray,https://image.tmdb.org/t/p/w200/7d1hwECRc1NZlGfAeYE42ki7Fem.jpg,owned
,Thor,2011,Blu-ray,https://image.tmdb.org/t/p/w200/prSfAi1xGrhLQNxVSUFh61xQ4Qy.jpg,owned
,Thor: Love and Thunder,2022,Blu-ray,https://image.tmdb.org/t/p/w200/pIkRyD18kl4FhoCNQuWxWu5cBLM.jpg,owned
,Thor: Ragnarok,2017,Blu-ray,https://image.tmdb.org/t/p/w200/rzRwTcFvttcN1ZpX2xv4j3tSdJu.jpg,owned
,Thor: The Dark World,2013,Blu-ray,https://image.tmdb.org/t/p/w200/wp6OxE4poJ4G7c0U2ZIXasTSMR7.jpg,owned
,Thunderball,1965,Blu-ray,https://image.tmdb.org/t/p/w200/wCc4qllaTDsQN8zgGkAgQrKO6N9.jpg,owned
,Thunderbolts*,2025,Blu-ray,https://image.tmdb.org/t/p/w200/hqcexYHbiTBfDIdDWxrxPtVndBX.jpg,owned
,The Time Machine,1960,Blu-ray,https://image.tmdb.org/t/p/w200/sotBnRlFJ67cPisjAUXzbPxi9kC.jpg,owned
,Tinker Bell,2008,Blu-ray,https://image.tmdb.org/t/p/w200/3Ma0r1n8kfH7UaQMS7bJ9KsYUjT.jpg,owned
,Tinker Bell and the Great Fairy Rescue,2010,Blu-ray,https://image.tmdb.org/t/p/w200/cb7PrVIYbwIadQqWxgSU6CGHJjj.jpg,owned
,Titanic,1997,Blu-ray,https://image.tmdb.org/t/p/w200/9xjZS2rlVxm8SFx8kPC3aIGCOYQ.jpg,owned
,Tomorrow Never Dies,1997,Blu-ray,https://image.tmdb.org/t/p/w200/gZm002w7q9yLOkltxT76TWGfdZX.jpg,owned
,Top Gun,1986,Blu-ray,https://image.tmdb.org/t/p/w200/xUuHj3CgmZQ9P2cMaqQs4J0d4Zc.jpg,owned
,Toy Story,1995,Blu-ray,https://image.tmdb.org/t/p/w200/uXDfjJbdP4ijW5hWSBrPrlKpxab.jpg,owned
,Toy Story 2,1999,Blu-ray,https://image.tmdb.org/t/p/w200/4rbcp3ng8n1MKHjpeqW0L7Fnpzz.jpg,owned
,Toy Story 3,2010,Blu-ray,https://image.tmdb.org/t/p/w200/AbbXspMOwdvwWZgVN0nabZq03Ec.jpg,owned
,Toy Story 4,2019,Blu-ray,https://image.tmdb.org/t/p/w200/w9kR8qbmQ01HwnvK4alvnQ2ca0L.jpg,owned
,Training Day,2001,Blu-ray,https://image.tmdb.org/t/p/w200/bUeiwBQdupBLQthMCHKV7zv56uv.jpg,owned
,Transformers,2007,Blu-ray,https://image.tmdb.org/t/p/w200/1P7w3AImoEOWJX7nn3fdaKDfEQA.jpg,owned
,Transformers: Age of Extinction,2014,Blu-ray,https://image.tmdb.org/t/p/w200/jyzrfx2WaeY60kYZpPYepSjGz4S.jpg,owned
,Transformers: Dark of the Moon,2011,Blu-ray,https://image.tmdb.org/t/p/w200/28YlCLrFhONteYSs9hKjD1Km0Cj.jpg,owned
,Transformers: Revenge of the Fallen,2009,Blu-ray,https://image.tmdb.org/t/p/w200/pLBb0whOzVDtJvyD4DPeQyQNOqp.jpg,owned
,Transformers: The Last Knight,2017,Blu-ray,https://image.tmdb.org/t/p/w200/s5HQf2Gb3lIO2cRcFwNL9sn1o1o.jpg,owned
,Tropic Thunder,2008,Blu-ray,https://image.tmdb.org/t/p/w200/zAurB9mNxfYRoVrVjAJJwGV3sPg.jpg,owned
,True Lies,1994,Blu-ray,https://image.tmdb.org/t/p/w200/pweFTnzzTfGK68woSVkiTgjLzWm.jpg,owned
,The Truman Show,1998,Blu-ray,https://image.tmdb.org/t/p/w200/vuza0WqY239yBXOadKlGwJsZJFE.jpg,owned
,TT3D: Closer to the Edge,2011,Blu-ray,https://image.tmdb.org/t/p/w200/xTpacyxa9ly5UPfgogsmf83g2zt.jpg,owned
,Twilight,2008,Blu-ray,https://image.tmdb.org/t/p/w200/3Gkb6jm6962ADUPaCBqzz9CTbn9.jpg,owned
,The Twilight Saga: Breaking Dawn - Part 1,2011,Blu-ray,https://image.tmdb.org/t/p/w200/qs8LsHKYlVRmJbFUiSUhhRAygwj.jpg,owned
,The Twilight Saga: Breaking Dawn - Part 2,2012,Blu-ray,https://image.tmdb.org/t/p/w200/7IGdPaKujv0BjI0Zd0m0a4CzEjJ.jpg,owned
,The Twilight Saga: Eclipse,2010,Blu-ray,https://image.tmdb.org/t/p/w200/dK4Gi1UdMiHzHc7r7CZQG4IQ9Sr.jpg,owned
,The Twilight Saga: New Moon,2009,Blu-ray,https://image.tmdb.org/t/p/w200/k2qTooPlHffgNABNWxeJdGMglPK.jpg,owned
,Unbroken,2014,Blu-ray,https://image.tmdb.org/t/p/w200/vAlHUjHwLWMV5mg4epGR9WSIfiy.jpg,owned
,Uncharted,2022,Blu-ray,https://image.tmdb.org/t/p/w200/rJHC1RUORuUhtfNb4Npclx0xnOf.jpg,owned
,Unknown,2011,Blu-ray,https://image.tmdb.org/t/p/w200/aXBQD515okXQZmYA89ntXMvSJSd.jpg,owned
,The Usual Suspects,1995,Blu-ray,https://image.tmdb.org/t/p/w200/99X2SgyFunJFXGAYnDv3sb9pnUD.jpg,owned
,Vengeance: A Love Story,2017,Blu-ray,https://image.tmdb.org/t/p/w200/kPUFcGPI9FChybFHIJJBZZLiIlg.jpg,owned
,Venom,2018,Blu-ray,https://image.tmdb.org/t/p/w200/2uNW4WbgBXL25BAbXGLnLqX71Sw.jpg,owned
,Venom: Let There Be Carnage,2021,Blu-ray,https://image.tmdb.org/t/p/w200/pzKsRuKLFmYrW5Q0q8E8G78Tcgo.jpg,owned
,Venom: The Last Dance,2024,Blu-ray,https://image.tmdb.org/t/p/w200/1RaSkWakWBxxYOWRrqmwo2my5zg.jpg,owned
,Victoria & Abdul,2017,Blu-ray,https://image.tmdb.org/t/p/w200/uIzQ8zZ0rqjqqJUIpeeovtTryAa.jpg,owned
,A View to a Kill,1985,Blu-ray,https://image.tmdb.org/t/p/w200/arJF829RP9cYvh0NU70dC5TtXSa.jpg,owned
,A Walk Among the Tombstones,2014,Blu-ray,https://image.tmdb.org/t/p/w200/euPgyPsiNFp6gOBB7nUFxvN5ZaY.jpg,owned
,WALL·E,2008,Blu-ray,https://image.tmdb.org/t/p/w200/hbhFnRzzg6ZDmm8YAmxBnQpQIPh.jpg,owned
,Wanted,2008,Blu-ray,https://image.tmdb.org/t/p/w200/cbDMsV4VJAL2xJ2JXdWWjmUXZkT.jpg,owned
,War for the Planet of the Apes,2017,Blu-ray,https://image.tmdb.org/t/p/w200/mMA1qhBFgZX8O36qPPTC016kQl1.jpg,owned
,War Horse,2011,Blu-ray,https://image.tmdb.org/t/p/w200/3aRHhvvngFPJFy5uAjo7GVr3PhL.jpg,owned
,The Watch,2012,Blu-ray,https://image.tmdb.org/t/p/w200/gwfgYA9wGpV4QLB0LrcexwfwC19.jpg,owned
,Watchmen,2009,Blu-ray,https://image.tmdb.org/t/p/w200/aVURelN3pM56lFM7Dgfs5TixcIf.jpg,owned
,The Way Back,2010,Blu-ray,https://image.tmdb.org/t/p/w200/oImI6rxld0sKNfEXaszgreLnNAO.jpg,owned
,We Bought a Zoo,2011,Blu-ray,https://image.tmdb.org/t/p/w200/dcOvIqdsojUdAtWt1nPT9xS76Su.jpg,owned
,We Live in Time,2024,Blu-ray,https://image.tmdb.org/t/p/w200/oeDNBgnlGF6rnyX1P1K8Vl2f3lW.jpg,owned
,Welcome to the Punch,2013,Blu-ray,https://image.tmdb.org/t/p/w200/6mCyfp7nk1sTZNtvLSVGrO0sPeH.jpg,owned
,West Side Story,2021,Blu-ray,https://image.tmdb.org/t/p/w200/yfz3IUoYYSY32tkb97HlUBGFsnh.jpg,owned
,Where the Wild Things Are,2009,Blu-ray,https://image.tmdb.org/t/p/w200/sDFV9VEjwTUWF1s5sjOllsb70jk.jpg,owned
,White House Down,2013,Blu-ray,https://image.tmdb.org/t/p/w200/6TeIVKPw7nXXWy2zKmDmlnSwzb7.jpg,owned
,The Wolf of Wall Street,2013,Blu-ray,https://image.tmdb.org/t/p/w200/kW9LmvYHAaS9iA0tHmZVq8hQYoq.jpg,owned
,The Wolverine,2013,Blu-ray,https://image.tmdb.org/t/p/w200/t2wVAcoRlKvEIVSbiYDb8d0QqqS.jpg,owned
,The Woman in Black,2012,Blu-ray,https://image.tmdb.org/t/p/w200/nghQnDZE4EsQJ4J4zxR3UqItTpO.jpg,owned
,Wonder Woman,2017,Blu-ray,https://image.tmdb.org/t/p/w200/v4ncgZjG2Zu8ZW5al1vIZTsSjqX.jpg,owned
,Wonder Woman,2009,Blu-ray,https://image.tmdb.org/t/p/w200/u6sI0yLJXkmrbSJzVRCmmfa4nhx.jpg,owned
,Wonder Woman 1984,2020,Blu-ray,https://image.tmdb.org/t/p/w200/8UlWHLMpgZm9bx6QYh0NFoq67TZ.jpg,owned
,The World Is Not Enough,1999,Blu-ray,https://image.tmdb.org/t/p/w200/wCb2msgoZPK01WIqry24M4xsM73.jpg,owned
,The World's End,2013,Blu-ray,https://image.tmdb.org/t/p/w200/kpglnOBYmKn0AkkWDzGxzKHDbds.jpg,owned
,Wrath of the Titans,2012,Blu-ray,https://image.tmdb.org/t/p/w200/b9n2R3xZWQ8MVZgndQoV34stS0h.jpg,owned
,Wreck-It Ralph,2012,Blu-ray,https://image.tmdb.org/t/p/w200/zWoIgZ7mgmPkaZjG0102BSKFIqQ.jpg,owned
,X2,2003,Blu-ray,https://image.tmdb.org/t/p/w200/bWMw0FMsY8DICgrQnrTSWbzEgtr.jpg,owned
,X-Men,2000,Blu-ray,https://image.tmdb.org/t/p/w200/bRDAc4GogyS9ci3ow7UnInOcriN.jpg,owned
,X-Men: Apocalypse,2016,Blu-ray,https://image.tmdb.org/t/p/w200/ikA8UhYdTGpqbatFa93nIf6noSr.jpg,owned
,X-Men: Days of Future Past,2014,Blu-ray,https://image.tmdb.org/t/p/w200/tYfijzolzgoMOtegh1Y7j2Enorg.jpg,owned
,X-Men: First Class,2011,Blu-ray,https://image.tmdb.org/t/p/w200/hNEokmUke0dazoBhttFN0o3L7Xv.jpg,owned
,X-Men: The Last Stand,2006,Blu-ray,https://image.tmdb.org/t/p/w200/a2xicU8DpKtRizOHjQLC1JyCSRS.jpg,owned
,Year One,2009,Blu-ray,https://image.tmdb.org/t/p/w200/qF573jdJYwtCbXVXPDn4xu8nW2a.jpg,owned
,Yesterday,2019,Blu-ray,https://image.tmdb.org/t/p/w200/9fYka5CQt9nrb6LOtKicysUf9NA.jpg,owned
,You Don't Mess with the Zohan,2008,Blu-ray,https://image.tmdb.org/t/p/w200/gBhLQmpCPoKFMCGsulMbIFzrBID.jpg,owned
,You Only Live Twice,1967,Blu-ray,https://image.tmdb.org/t/p/w200/fdRbvRcEXcf2rC4ghLFZzCWPSmB.jpg,owned
,Zack Snyder's Justice League,2021,Blu-ray,https://image.tmdb.org/t/p/w200/tnAuB8q5vv7Ax9UAEje5Xi4BXik.jpg,owned
,Zookeeper,2011,Blu-ray,https://image.tmdb.org/t/p/w200/y3b4AYw8dr4hIKTfEAjxUxx0z8G.jpg,owned
,The House Bunny,2008,Blu-ray,https://image.tmdb.org/t/p/w200/4oGGJ824vqIqDtyMvMuK44pDEmx.jpg,owned
,Delivery Man,2013,Blu-ray,https://image.tmdb.org/t/p/w200/huXHYDclKT4RM1OvS3O7SXYRAU0.jpg,owned
,Superman,2025,Blu-ray,https://image.tmdb.org/t/p/w200/ldyfo0BKmz5rWtJJKCvwaNS4cJT.jpg,owned
,Red Hill,2010,Blu-ray,https://image.tmdb.org/t/p/w200/fLELMBUdDoqJvPDE7CcYn0Ny6y8.jpg,owned
,The Girl Who Played with Fire,2009,Blu-ray,https://image.tmdb.org/t/p/w200/axR8YcQVUgWYhvN2UcZKhzexKsI.jpg,owned
,Power Rangers,2017,Blu-ray,https://image.tmdb.org/t/p/w200/bKYKyyIv5YnisxjZtDreWtYA386.jpg,owned
,The Guest,2014,Blu-ray,https://image.tmdb.org/t/p/w200/8hGMD8PhOJrzkew0RZyOWqDhGJR.jpg,owned
,The Italian Job,1969,Blu-ray,https://image.tmdb.org/t/p/w200/8NOw3HPHkcBndJW2K6ofbcSb7WD.jpg,owned
,Cloud Atlas,2012,Blu-ray,https://image.tmdb.org/t/p/w200/8naVv2Xu3rWI5JKHz0vCujx6GaJ.jpg,owned
,Insidious,2011,Blu-ray,https://image.tmdb.org/t/p/w200/1egpmVXuXed58TH2UOnX1nATTrf.jpg,owned
,Insidious: Chapter 2,2013,Blu-ray,https://image.tmdb.org/t/p/w200/w5JjiB3O1CLDXbTJe1QpU5RHmlU.jpg,owned
,Candyman,2021,Blu-ray,https://image.tmdb.org/t/p/w200/qeV15PpR8jFJA9TF9JPXIoqEgp1.jpg,owned
,Mr. Calzaghe,2015,Blu-ray,https://image.tmdb.org/t/p/w200/ihJo50m1SrQwvXRuNlgpgmYsshY.jpg,owned
,Scrooged,1988,Blu-ray,https://image.tmdb.org/t/p/w200/uO0znfB2ZzTXA1IS7jkrjNbpkYK.jpg,owned
,A Star Is Born,2018,Blu-ray,https://image.tmdb.org/t/p/w200/wrFpXMNBRj2PBiN4Z5kix51XaIZ.jpg,owned
,McLaren,2016,Blu-ray,https://image.tmdb.org/t/p/w200/zvGipOPJ03Vfqte6jhC6qRppNiM.jpg,owned
,Dredd,2012,Blu-ray,https://image.tmdb.org/t/p/w200/wLx65gtGVnUFCxceHWGszcruCZj.jpg,owned
,Jason Bourne,2016,Blu-ray,https://image.tmdb.org/t/p/w200/xA7N41glw17MBQtcWSm2eBlBRuG.jpg,owned
,The Girl with the Dragon Tattoo,2009,Blu-ray,https://image.tmdb.org/t/p/w200/6w0TKhfR0Rzby5SXxgfuI99Jrva.jpg,owned
,The Girl Who Kicked the Hornet's Nest,2009,Blu-ray,https://image.tmdb.org/t/p/w200/92byRQBuuiLcfKnBi5NOuipSgV8.jpg,owned
,Saw,2004,Blu-ray,https://image.tmdb.org/t/p/w200/rLNSOudrayDBo1uqXjrhxcjODIC.jpg,owned
,Saw II,2005,Blu-ray,https://image.tmdb.org/t/p/w200/gTnaTysN8HsvVQqTRUh8m35mmUA.jpg,owned
,Saw III,2006,Blu-ray,https://image.tmdb.org/t/p/w200/4iO9n24Rb10peXV0JH2EldIOrAp.jpg,owned
,Saw IV,2007,Blu-ray,https://image.tmdb.org/t/p/w200/ku1QdCXOU4ckz3zxLLlis8MIJVm.jpg,owned
,Saw V,2008,Blu-ray,https://image.tmdb.org/t/p/w200/rKl79KqLXg60KFyKsLe4wSSjQ08.jpg,owned
,Saw VI,2009,Blu-ray,https://image.tmdb.org/t/p/w200/cT7ufx1x6OKoi3bpUCWf2eV446G.jpg,owned
,Saw 3D,2010,Blu-ray,https://image.tmdb.org/t/p/w200/qHCZ6LjtmqWDfXXN28TlIC9OppK.jpg,owned
,I Spit on Your Grave,2010,Blu-ray,https://image.tmdb.org/t/p/w200/4VZ9eqel8Fsp54KMnesr3xIc67N.jpg,owned
,I Spit on Your Grave 2,2013,Blu-ray,https://image.tmdb.org/t/p/w200/cy3zp7PA4JFq8bT0WwSi8uDlrbD.jpg,owned
,The Polar Express,2004,Blu-ray,https://image.tmdb.org/t/p/w200/eOoCzH0MqeGr2taUZO4SwG416PF.jpg,owned
,The Tournament,2009,Blu-ray,https://image.tmdb.org/t/p/w200/zVkPQAIoCNDc8khNjmSAiTb3lV5.jpg,owned
,xXx,2002,Blu-ray,https://image.tmdb.org/t/p/w200/xeEw3eLeSFmJgXZzmF2Efww0q3s.jpg,owned
,The Grand Budapest Hotel,2014,Blu-ray,https://image.tmdb.org/t/p/w200/eWdyYQreja6JGCzqHWXpWHDrrPo.jpg,owned
,My Best Friend's Girl,2008,Blu-ray,https://image.tmdb.org/t/p/w200/4Zn149rIsfIwBZZwIwuryRzVbon.jpg,owned
,The Girl on the Train,2016,Blu-ray,https://image.tmdb.org/t/p/w200/AhTO2QWG0tug7yDoh0XoaMhPt3J.jpg,owned
,F9,2021,Blu-ray,https://image.tmdb.org/t/p/w200/deEmLILTPejEb6OGsXRJ5MCvyDW.jpg,owned
,The Search for Santa Paws,2010,Blu-ray,https://image.tmdb.org/t/p/w200/z4tJ1AhJKWUUWoDsXvnGS6fQdiR.jpg,owned
,Lara Croft: Tomb Raider,2001,Blu-ray,https://image.tmdb.org/t/p/w200/sJpl1EfHGZhbKtZ3fWTlwrpM1tH.jpg,owned
,Top Gun: Maverick,2022,Blu-ray,https://image.tmdb.org/t/p/w200/62HCnUTziyWcpDaBO2i1DX17ljH.jpg,owned
,Singin' in the Rain,1952,Blu-ray,https://image.tmdb.org/t/p/w200/w03EiJVHP8Un77boQeE7hg9DVdU.jpg,owned
,Knives Out,2019,Blu-ray,https://image.tmdb.org/t/p/w200/pThyQovXQrw2m0s9x82twj48Jq4.jpg,owned
,Jumanji,1995,Blu-ray,https://image.tmdb.org/t/p/w200/vgpXmVaVyUL7GGiDeiK1mKEKzcX.jpg,owned
,Carrie,2013,Blu-ray,https://image.tmdb.org/t/p/w200/kloXz9qwO23z9Kbt3z3MgnjF4xO.jpg,owned
,The Cabin in the Woods,2012,Blu-ray,https://image.tmdb.org/t/p/w200/zZZe5wn0udlhMtdlDjN4NB72R6e.jpg,owned
,Forgetting Sarah Marshall,2008,Blu-ray,https://image.tmdb.org/t/p/w200/d4elOzyhNWVlxpG7BwigrumkFTe.jpg,owned
,Willy Wonka & the Chocolate Factory,1971,Blu-ray,https://image.tmdb.org/t/p/w200/vmpsZkrs4Uvkp9r1atL8B3frA63.jpg,owned
,The Girl with the Dragon Tattoo,2011,Blu-ray,https://image.tmdb.org/t/p/w200/8bokS83zGdhaXgN9tjidUKmAftW.jpg,owned
,Oppenheimer,2023,Blu-ray,https://image.tmdb.org/t/p/w200/8Gxv8gSFCU0XGDykEGv7zR1n2ua.jpg,owned
,Up,2009,Blu-ray,https://image.tmdb.org/t/p/w200/mFvoEwSfLqbcWwFsDjQebn9bzFe.jpg,owned
,Zombieland,2009,Blu-ray,https://image.tmdb.org/t/p/w200/dUkAmAyPVqubSBNRjRqCgHggZcK.jpg,owned
,La La Land,2016,Blu-ray,https://image.tmdb.org/t/p/w200/uDO8zWDhfWwoFdKS4fzkUJt0Rf0.jpg,owned
,Liar Liar,1997,Blu-ray,https://image.tmdb.org/t/p/w200/p1habYSdC7oD3WygQ5lynU5G5rV.jpg,owned
,Harry Brown,2009,Blu-ray,https://image.tmdb.org/t/p/w200/cpKgHCLyu2SFtmESO9Du0sdhHYE.jpg,owned
,The Commuter,2018,Blu-ray,https://image.tmdb.org/t/p/w200/rDeGK6FIUfVcXmuBdEORPAGPMNg.jpg,owned
,The Holiday,2006,Blu-ray,https://image.tmdb.org/t/p/w200/6fbqG49Q7IWBWdyJ7asNTcNbnG6.jpg,owned
,The Chronicles of Narnia: Prince Caspian,2008,Blu-ray,https://image.tmdb.org/t/p/w200/qxz3WIyjZiSKUhaTIEJ3c1GcC9z.jpg,owned
,The Mask,1994,Blu-ray,https://image.tmdb.org/t/p/w200/jPC2eYub74zwf2tPGVtzSlBW6Oy.jpg,owned
,The Last House on the Left,2009,Blu-ray,https://image.tmdb.org/t/p/w200/2Y35XCUS8U8vC8vs0HDEVkPu1BM.jpg,owned
,Alvin and the Chipmunks,2007,Blu-ray,https://image.tmdb.org/t/p/w200/22YxmH8FHZGEVyBgKBNorVF4cqi.jpg,owned
,Alvin and the Chipmunks: The Squeakquel,2009,Blu-ray,https://image.tmdb.org/t/p/w200/8mdPqOga5fty15nXmaNcK1fsNMa.jpg,owned
,Alvin and the Chipmunks: Chipwrecked,2011,Blu-ray,https://image.tmdb.org/t/p/w200/npOXWVoZyl8UrF2wtByHtfmsWSX.jpg,owned
,A Christmas Carol,2009,Blu-ray,https://image.tmdb.org/t/p/w200/goHDZUnqZJ7FN4h48Qh6MzJNExl.jpg,owned
,The Chronicles of Narnia: The Voyage of the Dawn Treader,2010,Blu-ray,https://image.tmdb.org/t/p/w200/pP27zlm9yeKrCeDZLFLP2HKELot.jpg,owned
,Cats & Dogs,2001,Blu-ray,https://image.tmdb.org/t/p/w200/wUWoat7L4vvQburQ8pVEJhRG9L5.jpg,owned
,Cats & Dogs: The Revenge of Kitty Galore,2010,Blu-ray,https://image.tmdb.org/t/p/w200/78mfb3RYmSUKlfC9eDmwMBbXGI0.jpg,owned
,Knight and Day,2010,Blu-ray,https://image.tmdb.org/t/p/w200/a7JmOBMNj5erYTgt4u1mQgvHItu.jpg,owned
,National Treasure: Book of Secrets,2007,Blu-ray,https://image.tmdb.org/t/p/w200/dc9F1vNOGbgeZrO9ejNkbgHPlfw.jpg,owned
,San Andreas,2015,Blu-ray,https://image.tmdb.org/t/p/w200/2Gfjn962aaFSD6eST6QU3oLDZTo.jpg,owned
,Seven Psychopaths,2012,Blu-ray,https://image.tmdb.org/t/p/w200/4ukEYAxlSivFcDG6vLxJB6PjTjg.jpg,owned
,Shutter Island,2010,Blu-ray,https://image.tmdb.org/t/p/w200/nrmXQ0zcZUL8jFLrakWc90IR8z9.jpg,owned
,Percy Jackson & the Olympians: The Lightning Thief,2010,Blu-ray,https://image.tmdb.org/t/p/w200/brzpTyZ5bnM7s53C1KSk1TmrMO6.jpg,owned
,The Muppets,2011,Blu-ray,https://image.tmdb.org/t/p/w200/mOB0Hdm23NslPNDkZC9eueatW3b.jpg,owned
,Jurassic Park,1993,Blu-ray,https://image.tmdb.org/t/p/w200/bRKmwU9eXZI5dKT11Zx1KsayiLW.jpg,owned
,The Lost World: Jurassic Park,1997,Blu-ray,https://image.tmdb.org/t/p/w200/6fSkhv35nPSw9hwPVCMINQFG1WD.jpg,owned
,Jurassic Park III,2001,Blu-ray,https://image.tmdb.org/t/p/w200/oQXj4NUfS3r3gHXtDOzcJgj1lLc.jpg,owned
,Jurassic World,2015,Blu-ray,https://image.tmdb.org/t/p/w200/rhr4y79GpxQF9IsfJItRXVaoGs4.jpg,owned
,Jurassic World: Fallen Kingdom,2018,Blu-ray,https://image.tmdb.org/t/p/w200/x8cLgs0uXlb9rmpuVIxopoRGnCr.jpg,owned
,One Day,2011,Blu-ray,https://image.tmdb.org/t/p/w200/n9jMwSg4IavdD8wqdYnyW5w3Mvp.jpg,owned
,The Change-Up,2011,Blu-ray,https://image.tmdb.org/t/p/w200/iV6ARQZyGpjygtzFMdWH9U1Lj9x.jpg,owned
,True Grit,1969,Blu-ray,https://image.tmdb.org/t/p/w200/lmexRC57l39elaIcnxhaHpcaIW2.jpg,owned
,Oz the Great and Powerful,2013,Blu-ray,https://image.tmdb.org/t/p/w200/tkzfAUEKoUp4YFNbZV9hfpZOz0z.jpg,owned
,License to Wed,2007,Blu-ray,https://image.tmdb.org/t/p/w200/lJbT99nN3jEe23EfQvmlSh6EQ2b.jpg,owned
,The Time Traveler's Wife,2009,Blu-ray,https://image.tmdb.org/t/p/w200/J3ewuzQwhFro0pDpdcbZ4j7MYy.jpg,owned
,Jack Reacher: Never Go Back,2016,Blu-ray,https://image.tmdb.org/t/p/w200/cOg3UT2NYWHZxp41vpxAnVCOC4M.jpg,owned
,This Is 40,2012,Blu-ray,https://image.tmdb.org/t/p/w200/mzUuOIFoVkRTHACRb58vm6mkbBN.jpg,owned
,The Terminator,1984,Blu-ray,https://image.tmdb.org/t/p/w200/hzXSE66v6KthZ8nPoLZmsi2G05j.jpg,owned
,Knocked Up,2007,Blu-ray,https://image.tmdb.org/t/p/w200/b4OaXw2MW97VvIiZE0Sbn1NfxSh.jpg,owned
,The Terminator,1984,Blu-ray,https://image.tmdb.org/t/p/w200/hzXSE66v6KthZ8nPoLZmsi2G05j.jpg,owned
,The Rite,2011,Blu-ray,https://image.tmdb.org/t/p/w200/gRTxM95huMwIDfZBJWjuifMTfpx.jpg,owned
,Scott Pilgrim vs. the World,2010,Blu-ray,https://image.tmdb.org/t/p/w200/g5IoYeudx9XBEfwNL0fHvSckLBz.jpg,owned
,The Boss Baby,2017,Blu-ray,https://image.tmdb.org/t/p/w200/unPB1iyEeTBcKiLg8W083rlViFH.jpg,owned
,The Croods,2013,Blu-ray,https://image.tmdb.org/t/p/w200/27zvjVOtOi5ped1HSlJKNsKXkFH.jpg,owned
,Finding Nemo,2003,Blu-ray,https://image.tmdb.org/t/p/w200/eHuGQ10FUzK1mdOY69wF5pGgEf5.jpg,owned
,Fire in Babylon,2010,Blu-ray,https://image.tmdb.org/t/p/w200/lgBDiPnsYdflQzD25PfN9yOawdU.jpg,owned
,Furry Vengeance,2010,Blu-ray,https://image.tmdb.org/t/p/w200/604qqquWBgFy34jLhHLtebFPQy6.jpg,owned
,Mr. Magorium's Wonder Emporium,2007,Blu-ray,https://image.tmdb.org/t/p/w200/rdFgWATSVhhFtNYZUFsGcHzltcG.jpg,owned
,Letters to Juliet,2010,Blu-ray,https://image.tmdb.org/t/p/w200/y9DdvY1IRNS2hWLq161hmP2gXn.jpg,owned
,Valentine's Day,2010,Blu-ray,https://image.tmdb.org/t/p/w200/qOTcfD2DdnOTmhH0r1TOE09VvNh.jpg,owned
,Resident Evil: The Final Chapter,2016,Blu-ray,https://image.tmdb.org/t/p/w200/7glPlA0xPpxPxBu0TnY4ulQVCV1.jpg,owned
,Close Encounters of the Third Kind,1977,Blu-ray,https://image.tmdb.org/t/p/w200/gCWPB8cF82tqzrS9tvzcO6q6nyz.jpg,owned
,Pitch Perfect 3,2017,Blu-ray,https://image.tmdb.org/t/p/w200/v4tbRRX0OSOHcgz2869rEjcBwOJ.jpg,owned
,Pitch Perfect 2,2015,Blu-ray,https://image.tmdb.org/t/p/w200/oFBQUufCV4c8WZoNhtGM17p884H.jpg,owned
,Paranormal Activity: The Ghost Dimension,2015,Blu-ray,https://image.tmdb.org/t/p/w200/1YpFQ2MQKzlDoa8diLWkapdRI8t.jpg,owned
,Bill & Ted Face the Music,2020,Blu-ray,https://image.tmdb.org/t/p/w200/4V2nTPfeB59TcqJcUfQ9ziTi7VN.jpg,owned
,Alien: Covenant,2017,Blu-ray,https://image.tmdb.org/t/p/w200/zecMELPbU5YMQpC81Z8ImaaXuf9.jpg,owned
,101 Dalmatians,1996,Blu-ray,https://image.tmdb.org/t/p/w200/8o2ADoAyG796UwTjwBFjPyBz0yG.jpg,owned
,Scream,1996,Blu-ray,https://image.tmdb.org/t/p/w200/lr9ZIrmuwVmZhpZuTCW8D9g0ZJe.jpg,owned
,Scream 2,1997,Blu-ray,https://image.tmdb.org/t/p/w200/dORlVasiaDkJXTqt9bdH7nFNs6C.jpg,owned
,Scream 3,2000,Blu-ray,https://image.tmdb.org/t/p/w200/qpH8ToZVlFD1bakL04LkEKodyDI.jpg,owned
,Scream 4,2011,Blu-ray,https://image.tmdb.org/t/p/w200/tcrI37K98TVopLbcZBa55mWhLT1.jpg,owned
,Scream,2022,Blu-ray,https://image.tmdb.org/t/p/w200/1m3W6cpgwuIyjtg5nSnPx7yFkXW.jpg,owned
,Scream VI,2023,Blu-ray,https://image.tmdb.org/t/p/w200/wDWwtvkRRlgTiUr6TyLSMX8FCuZ.jpg,owned
,xXx: Return of Xander Cage,2017,Blu-ray,https://image.tmdb.org/t/p/w200/hba8zREJpP1AYhaXgb2oJLQeO0K.jpg,owned
,12 Rounds 2: Reloaded,2013,Blu-ray,https://image.tmdb.org/t/p/w200/btThjvVC4lOqE95F9iVK118kpj2.jpg,wanted
,12 Rounds 3: Lockdown,2015,Blu-ray,https://image.tmdb.org/t/p/w200/3wAIu7q72mINXVplVnU6pMbZmQQ.jpg,wanted
,102 Dalmatians,2000,Blu-ray,https://image.tmdb.org/t/p/w200/ueE6u2GTECzGBtas6PFx7wwi9y0.jpg,wanted
,101 Dalmatians II: Patch's London Adventure,2003,Blu-ray,https://image.tmdb.org/t/p/w200/uB0DQU4Cog8tYrkiOEVTmDw6Qnn.jpg,wanted
,Kidulthood,2006,Blu-ray,https://image.tmdb.org/t/p/w200/fECaenTSnSr6lS0pipY2HB4J9fJ.jpg,wanted
,Brotherhood,2016,Blu-ray,https://image.tmdb.org/t/p/w200/5oMMBxqqThvmOoUDx1rYOPFHons.jpg,wanted
,Airplane II: The Sequel,1982,Blu-ray,https://image.tmdb.org/t/p/w200/zs7Pjyabt0fwe2XqIx0gnF9Q4np.jpg,wanted
,The Return of Jafar,1994,Blu-ray,https://image.tmdb.org/t/p/w200/7SC793qtORB6YL4mu0F5o3hfjDQ.jpg,wanted
,Aladdin and the King of Thieves,1996,Blu-ray,https://image.tmdb.org/t/p/w200/kTH7qEyvdDYMoQraQZm3LFKCge3.jpg,wanted
,Alien: Romulus,2024,Blu-ray,https://image.tmdb.org/t/p/w200/2uSWRTtCG336nuBiG8jOTEUKSy8.jpg,wanted
,Alvin and the Chipmunks: The Road Chip,2015,Blu-ray,https://image.tmdb.org/t/p/w200/16OcuuW5z509WILR6BmscNdXgw0.jpg,wanted
,Arthur,1981,Blu-ray,https://image.tmdb.org/t/p/w200/m8yOFRDVZPxtsr4D2hVdzls6q6t.jpg,wanted
,Arthur 2: On the Rocks,1988,Blu-ray,https://image.tmdb.org/t/p/w200/xxoRLoKxPz5UdBNnQvQojEAZFVv.jpg,wanted
,Avatar: The Way of Water,2022,Blu-ray,https://image.tmdb.org/t/p/w200/t6HIqrRAclMCA60NsSmeqe9RmNV.jpg,wanted
,The BFG,1990,Blu-ray,https://image.tmdb.org/t/p/w200/gjA5u7ZLgwkSoNCGCUfNSMv4fYn.jpg,wanted
,Transformers: Rise of the Beasts,2023,Blu-ray,https://image.tmdb.org/t/p/w200/gPbM0MK8CP8A174rmUwGsADNYKD.jpg,wanted
,Cinderella II: Dreams Come True,2002,Blu-ray,https://image.tmdb.org/t/p/w200/kEDbtKhZsqPo7ypCzoz3fkq73Pc.jpg,wanted
,Cinderella III: A Twist in Time,2007,Blu-ray,https://image.tmdb.org/t/p/w200/9QzKXbQfPp59iZ3rwnkKEAkPaXx.jpg,wanted
,Clash of the Titans,1981,Blu-ray,https://image.tmdb.org/t/p/w200/5JCLODNLJH6alc3KmyoiC21Nlob.jpg,wanted
,Cloverfield,2008,Blu-ray,https://image.tmdb.org/t/p/w200/qIegUGJqyMMCRjkKV1s7A9MqdJ8.jpg,wanted
,10 Cloverfield Lane,2016,Blu-ray,https://image.tmdb.org/t/p/w200/84Dhwz93vCin6T1PX6ctSvWEuNE.jpg,wanted
,The Cloverfield Paradox,2018,Blu-ray,https://image.tmdb.org/t/p/w200/vJi2ExTcWdJR3150VPKqqtdGxsT.jpg,wanted
,The Conjuring 2,2016,Blu-ray,https://image.tmdb.org/t/p/w200/zEqyD0SBt6HL7W9JQoWwtd5Do1T.jpg,wanted
,The Conjuring: The Devil Made Me Do It,2021,Blu-ray,https://image.tmdb.org/t/p/w200/rQfX2xx8TUoNvyk892yKWNikJaM.jpg,wanted
,The Conjuring: Last Rites,2025,Blu-ray,https://image.tmdb.org/t/p/w200/byWgphT74ClOVa8EOGzYDkl8DVL.jpg,wanted
